dataset,split,label,model,accuracy,f1,mcc,auc,precision,recall,pr_auc,train_pos_ratio,test_pos_ratio,train_size,test_size
bace,random,Class,random_forest,0.789,0.771,0.577,0.866,0.75,0.794,0.834,0.454,0.447,1059,152
bace,random,Class,logistic_regression,0.796,0.78,0.592,0.826,0.753,0.809,0.776,0.454,0.447,1059,152
bace,datasail_full,Class,random_forest,0.68,0.226,0.156,0.715,0.583,0.14,0.551,0.463,0.333,1040,150
bace,datasail_full,Class,logistic_regression,0.687,0.356,0.209,0.646,0.565,0.26,0.49,0.463,0.333,1040,150
bace,datasail_scaled_random,Class,random_forest,0.753,0.0,0.0,0.719,0.0,0.0,0.395,0.439,0.247,1025,170
bace,datasail_scaled_random,Class,logistic_regression,0.724,0.078,-0.014,0.514,0.222,0.048,0.276,0.439,0.247,1025,170
bace,datasail_scaled_stratified,Class,random_forest,0.767,0.136,0.123,0.805,0.5,0.079,0.485,0.444,0.233,1042,163
bace,datasail_scaled_stratified,Class,logistic_regression,0.65,0.36,0.129,0.615,0.314,0.421,0.344,0.444,0.233,1042,163
bbbp,random,p_np,random_forest,0.868,0.917,0.644,0.92,0.856,0.987,0.959,0.767,0.737,1426,205
bbbp,random,p_np,logistic_regression,0.854,0.904,0.604,0.878,0.876,0.934,0.927,0.767,0.737,1426,205
bbbp,datasail_full,p_np,random_forest,0.847,0.917,0.163,0.719,0.847,1.0,0.935,0.75,0.842,1460,203
bbbp,datasail_full,p_np,logistic_regression,0.842,0.912,0.214,0.755,0.86,0.971,0.934,0.75,0.842,1460,203
bbbp,datasail_scaled_random,p_np,random_forest,0.865,0.924,0.351,0.766,0.877,0.977,0.943,0.768,0.845,1423,207
bbbp,datasail_scaled_random,p_np,logistic_regression,0.845,0.911,0.329,0.807,0.886,0.937,0.955,0.768,0.845,1423,207
bbbp,datasail_scaled_stratified,p_np,random_forest,0.876,0.932,0.316,0.767,0.882,0.989,0.947,0.73,0.861,1411,202
bbbp,datasail_scaled_stratified,p_np,logistic_regression,0.876,0.929,0.458,0.757,0.921,0.937,0.928,0.73,0.861,1411,202
tox21,random,NR-AR,random_forest,0.965,0.49,0.559,0.774,1.0,0.324,0.449,0.042,0.052,5098,711
tox21,random,NR-AR,logistic_regression,0.944,0.355,0.333,0.693,0.44,0.297,0.287,0.042,0.052,5098,711
tox21,random,NR-AR-LBD,random_forest,0.97,0.5,0.568,0.755,1.0,0.333,0.482,0.036,0.045,4730,664
tox21,random,NR-AR-LBD,logistic_regression,0.958,0.44,0.428,0.683,0.55,0.367,0.381,0.036,0.045,4730,664
tox21,random,NR-AhR,random_forest,0.914,0.513,0.531,0.873,0.879,0.362,0.607,0.115,0.125,4588,639
tox21,random,NR-AhR,logistic_regression,0.844,0.444,0.358,0.842,0.4,0.5,0.472,0.115,0.125,4588,639
tox21,random,NR-Aromatase,random_forest,0.965,0.167,0.212,0.825,0.5,0.1,0.323,0.055,0.035,4086,573
tox21,random,NR-Aromatase,logistic_regression,0.948,0.318,0.293,0.738,0.292,0.35,0.168,0.055,0.035,4086,573
tox21,random,NR-ER,random_forest,0.887,0.33,0.323,0.701,0.607,0.227,0.375,0.13,0.123,4343,609
tox21,random,NR-ER,logistic_regression,0.788,0.246,0.126,0.65,0.219,0.28,0.246,0.13,0.123,4343,609
tox21,random,NR-ER-LBD,random_forest,0.966,0.343,0.397,0.829,0.75,0.222,0.408,0.052,0.04,4874,679
tox21,random,NR-ER-LBD,logistic_regression,0.943,0.316,0.286,0.666,0.3,0.333,0.216,0.052,0.04,4874,679
tox21,random,NR-PPAR-gamma,random_forest,0.968,0.0,-0.01,0.821,0.0,0.0,0.246,0.031,0.028,4526,634
tox21,random,NR-PPAR-gamma,logistic_regression,0.968,0.333,0.325,0.738,0.417,0.278,0.268,0.031,0.028,4526,634
tox21,random,SR-ARE,random_forest,0.862,0.245,0.245,0.772,0.565,0.157,0.397,0.166,0.144,4061,578
tox21,random,SR-ARE,logistic_regression,0.803,0.321,0.206,0.639,0.318,0.325,0.271,0.166,0.144,4061,578
tox21,random,SR-ATAD5,random_forest,0.963,0.071,0.09,0.842,0.25,0.042,0.21,0.035,0.034,4943,702
tox21,random,SR-ATAD5,logistic_regression,0.944,0.235,0.207,0.765,0.222,0.25,0.216,0.035,0.034,4943,702
tox21,random,SR-HSE,random_forest,0.956,0.125,0.252,0.756,1.0,0.067,0.246,0.058,0.047,4519,632
tox21,random,SR-HSE,logistic_regression,0.915,0.229,0.186,0.7,0.2,0.267,0.142,0.058,0.047,4519,632
tox21,random,SR-MMP,random_forest,0.864,0.443,0.428,0.88,0.756,0.313,0.641,0.159,0.172,4062,574
tox21,random,SR-MMP,logistic_regression,0.803,0.438,0.319,0.781,0.431,0.444,0.441,0.159,0.172,4062,574
tox21,random,SR-p53,random_forest,0.948,0.222,0.344,0.86,1.0,0.125,0.483,0.06,0.06,4730,671
tox21,random,SR-p53,logistic_regression,0.928,0.351,0.315,0.738,0.382,0.325,0.302,0.06,0.06,4730,671
tox21,datasail_full,NR-AR,random_forest,0.987,0.0,0.0,0.5,0.0,0.0,0.016,0.028,0.013,5243,678
tox21,datasail_full,NR-AR,logistic_regression,0.979,0.0,-0.01,0.508,0.0,0.0,0.019,0.028,0.013,5243,678
tox21,datasail_full,NR-AR-LBD,random_forest,0.981,0.0,0.0,0.536,0.0,0.0,0.021,0.021,0.019,4862,632
tox21,datasail_full,NR-AR-LBD,logistic_regression,0.975,0.0,-0.011,0.507,0.0,0.0,0.022,0.021,0.019,4862,632
tox21,datasail_full,NR-AhR,random_forest,0.917,0.282,0.317,0.874,0.667,0.179,0.579,0.149,0.091,4675,618
tox21,datasail_full,NR-AhR,logistic_regression,0.83,0.393,0.337,0.813,0.291,0.607,0.401,0.149,0.091,4675,618
tox21,datasail_full,NR-Aromatase,random_forest,0.972,0.0,0.0,0.85,0.0,0.0,0.13,0.054,0.028,4178,564
tox21,datasail_full,NR-Aromatase,logistic_regression,0.952,0.069,0.045,0.63,0.077,0.062,0.084,0.054,0.028,4178,564
tox21,datasail_full,NR-ER,random_forest,0.911,0.07,0.119,0.614,0.5,0.038,0.166,0.13,0.089,4445,598
tox21,datasail_full,NR-ER,logistic_regression,0.813,0.034,-0.069,0.407,0.032,0.038,0.074,0.13,0.089,4445,598
tox21,datasail_full,NR-ER-LBD,random_forest,0.958,0.0,0.0,0.659,0.0,0.0,0.073,0.046,0.042,5000,669
tox21,datasail_full,NR-ER-LBD,logistic_regression,0.951,0.057,0.052,0.549,0.143,0.036,0.079,0.046,0.042,5000,669
tox21,datasail_full,NR-PPAR-gamma,random_forest,0.989,0.0,0.0,0.664,0.0,0.0,0.036,0.033,0.011,4612,628
tox21,datasail_full,NR-PPAR-gamma,logistic_regression,0.986,0.182,0.182,0.583,0.25,0.143,0.067,0.033,0.011,4612,628
tox21,datasail_full,SR-ARE,random_forest,0.811,0.035,0.066,0.727,0.5,0.018,0.398,0.164,0.189,4206,581
tox21,datasail_full,SR-ARE,logistic_regression,0.797,0.322,0.223,0.68,0.438,0.255,0.37,0.164,0.189,4206,581
tox21,datasail_full,SR-ATAD5,random_forest,0.971,0.095,0.155,0.64,0.5,0.053,0.07,0.044,0.029,5108,665
tox21,datasail_full,SR-ATAD5,logistic_regression,0.902,0.085,0.051,0.672,0.058,0.158,0.111,0.044,0.029,5108,665
tox21,datasail_full,SR-HSE,random_forest,0.949,0.0,0.0,0.762,0.0,0.0,0.23,0.058,0.051,4690,630
tox21,datasail_full,SR-HSE,logistic_regression,0.943,0.25,0.238,0.736,0.375,0.188,0.218,0.058,0.051,4690,630
tox21,datasail_full,SR-MMP,random_forest,0.856,0.147,0.239,0.884,0.875,0.08,0.623,0.167,0.155,4108,561
tox21,datasail_full,SR-MMP,logistic_regression,0.815,0.416,0.306,0.798,0.407,0.425,0.471,0.167,0.155,4108,561
tox21,datasail_full,SR-p53,random_forest,0.949,0.0,-0.009,0.728,0.0,0.0,0.218,0.069,0.05,4896,644
tox21,datasail_full,SR-p53,logistic_regression,0.938,0.31,0.28,0.697,0.346,0.281,0.196,0.069,0.05,4896,644
tox21,datasail_scaled_random,NR-AR,random_forest,0.98,0.0,0.0,0.515,0.0,0.0,0.031,0.022,0.02,5064,768
tox21,datasail_scaled_random,NR-AR,logistic_regression,0.967,0.0,-0.016,0.448,0.0,0.0,0.022,0.022,0.02,5064,768
tox21,datasail_scaled_random,NR-AR-LBD,random_forest,0.987,0.0,-0.006,0.563,0.0,0.0,0.051,0.018,0.008,4724,706
tox21,datasail_scaled_random,NR-AR-LBD,logistic_regression,0.984,0.0,-0.008,0.817,0.0,0.0,0.06,0.018,0.008,4724,706
tox21,datasail_scaled_random,NR-AhR,random_forest,0.976,0.105,0.12,0.891,0.25,0.067,0.162,0.145,0.021,4560,719
tox21,datasail_scaled_random,NR-AhR,logistic_regression,0.939,0.083,0.061,0.69,0.061,0.133,0.059,0.145,0.021,4560,719
tox21,datasail_scaled_random,NR-Aromatase,random_forest,0.954,0.062,0.175,0.805,1.0,0.032,0.289,0.048,0.048,4078,652
tox21,datasail_scaled_random,NR-Aromatase,logistic_regression,0.952,0.061,0.118,0.68,0.5,0.032,0.119,0.048,0.048,4078,652
tox21,datasail_scaled_random,NR-ER,random_forest,0.911,0.293,0.314,0.662,0.632,0.19,0.315,0.122,0.097,4336,650
tox21,datasail_scaled_random,NR-ER,logistic_regression,0.832,0.193,0.1,0.6,0.181,0.206,0.154,0.122,0.097,4336,650
tox21,datasail_scaled_random,NR-ER-LBD,random_forest,0.965,0.324,0.351,0.827,0.6,0.222,0.313,0.043,0.037,4870,723
tox21,datasail_scaled_random,NR-ER-LBD,logistic_regression,0.95,0.217,0.196,0.676,0.263,0.185,0.154,0.043,0.037,4870,723
tox21,datasail_scaled_random,NR-PPAR-gamma,random_forest,0.973,0.0,-0.011,0.689,0.0,0.0,0.077,0.033,0.022,4555,696
tox21,datasail_scaled_random,NR-PPAR-gamma,logistic_regression,0.977,0.0,-0.006,0.707,0.0,0.0,0.052,0.033,0.022,4555,696
tox21,datasail_scaled_random,SR-ARE,random_forest,0.876,0.091,0.099,0.753,0.364,0.052,0.304,0.165,0.12,4213,643
tox21,datasail_scaled_random,SR-ARE,logistic_regression,0.784,0.329,0.22,0.696,0.262,0.442,0.239,0.165,0.12,4213,643
tox21,datasail_scaled_random,SR-ATAD5,random_forest,0.974,0.0,-0.01,0.795,0.0,0.0,0.085,0.04,0.022,4965,738
tox21,datasail_scaled_random,SR-ATAD5,logistic_regression,0.97,0.214,0.202,0.756,0.25,0.188,0.201,0.04,0.022,4965,738
tox21,datasail_scaled_random,SR-HSE,random_forest,0.947,0.1,0.223,0.615,1.0,0.053,0.206,0.06,0.056,4657,675
tox21,datasail_scaled_random,SR-HSE,logistic_regression,0.927,0.197,0.167,0.541,0.261,0.158,0.168,0.06,0.056,4657,675
tox21,datasail_scaled_random,SR-MMP,random_forest,0.904,0.311,0.381,0.851,0.875,0.189,0.515,0.17,0.114,4028,647
tox21,datasail_scaled_random,SR-MMP,logistic_regression,0.777,0.301,0.192,0.722,0.235,0.419,0.259,0.17,0.114,4028,647
tox21,datasail_scaled_random,SR-p53,random_forest,0.973,0.0,0.0,0.746,0.0,0.0,0.107,0.058,0.027,4753,694
tox21,datasail_scaled_random,SR-p53,logistic_regression,0.952,0.233,0.21,0.734,0.208,0.263,0.143,0.058,0.027,4753,694
tox21,datasail_scaled_stratified,NR-AR,random_forest,0.977,0.0,0.0,0.576,0.0,0.0,0.037,0.053,0.023,5040,740
tox21,datasail_scaled_stratified,NR-AR,logistic_regression,0.959,0.0,-0.021,0.427,0.0,0.0,0.023,0.053,0.023,5040,740
tox21,datasail_scaled_stratified,NR-AR-LBD,random_forest,0.985,0.0,0.0,0.639,0.0,0.0,0.216,0.045,0.015,4633,718
tox21,datasail_scaled_stratified,NR-AR-LBD,logistic_regression,0.979,0.0,-0.009,0.621,0.0,0.0,0.055,0.045,0.015,4633,718
tox21,datasail_scaled_stratified,NR-AhR,random_forest,0.938,0.0,0.0,0.88,0.0,0.0,0.362,0.148,0.062,4473,709
tox21,datasail_scaled_stratified,NR-AhR,logistic_regression,0.913,0.225,0.18,0.617,0.25,0.205,0.167,0.148,0.062,4473,709
tox21,datasail_scaled_stratified,NR-Aromatase,random_forest,0.983,0.0,0.0,0.687,0.0,0.0,0.044,0.064,0.017,3903,631
tox21,datasail_scaled_stratified,NR-Aromatase,logistic_regression,0.973,0.0,-0.013,0.523,0.0,0.0,0.031,0.064,0.017,3903,631
tox21,datasail_scaled_stratified,NR-ER,random_forest,0.927,0.04,0.138,0.538,1.0,0.02,0.134,0.151,0.074,4210,662
tox21,datasail_scaled_stratified,NR-ER,logistic_regression,0.825,0.108,0.018,0.455,0.086,0.143,0.076,0.151,0.074,4210,662
tox21,datasail_scaled_stratified,NR-ER-LBD,random_forest,0.974,0.095,0.221,0.623,1.0,0.05,0.123,0.063,0.028,4798,726
tox21,datasail_scaled_stratified,NR-ER-LBD,logistic_regression,0.953,0.15,0.126,0.606,0.15,0.15,0.085,0.063,0.028,4798,726
tox21,datasail_scaled_stratified,NR-PPAR-gamma,random_forest,0.973,0.0,0.0,0.77,0.0,0.0,0.375,0.033,0.027,4377,700
tox21,datasail_scaled_stratified,NR-PPAR-gamma,logistic_regression,0.969,0.214,0.215,0.713,0.333,0.158,0.217,0.033,0.027,4377,700
tox21,datasail_scaled_stratified,SR-ARE,random_forest,0.899,0.217,0.295,0.69,0.818,0.125,0.341,0.187,0.112,3891,644
tox21,datasail_scaled_stratified,SR-ARE,logistic_regression,0.769,0.212,0.088,0.565,0.171,0.278,0.151,0.187,0.112,3891,644
tox21,datasail_scaled_stratified,SR-ATAD5,random_forest,0.968,0.0,0.0,0.823,0.0,0.0,0.272,0.043,0.032,4877,744
tox21,datasail_scaled_stratified,SR-ATAD5,logistic_regression,0.953,0.34,0.317,0.721,0.31,0.375,0.218,0.043,0.032,4877,744
tox21,datasail_scaled_stratified,SR-HSE,random_forest,0.959,0.0,0.0,0.748,0.0,0.0,0.097,0.065,0.041,4399,685
tox21,datasail_scaled_stratified,SR-HSE,logistic_regression,0.912,0.189,0.151,0.654,0.152,0.25,0.1,0.065,0.041,4399,685
tox21,datasail_scaled_stratified,SR-MMP,random_forest,0.96,0.419,0.483,0.847,0.9,0.273,0.57,0.199,0.053,3926,621
tox21,datasail_scaled_stratified,SR-MMP,logistic_regression,0.897,0.333,0.301,0.793,0.254,0.485,0.266,0.199,0.053,3926,621
tox21,datasail_scaled_stratified,SR-p53,random_forest,0.964,0.0,0.0,0.837,0.0,0.0,0.182,0.075,0.036,4643,720
tox21,datasail_scaled_stratified,SR-p53,logistic_regression,0.936,0.148,0.115,0.676,0.143,0.154,0.102,0.075,0.036,4643,720
hiv,random,HIV_active,random_forest,0.972,0.486,0.51,0.835,0.761,0.358,0.481,0.034,0.037,28783,4113
hiv,random,HIV_active,logistic_regression,0.951,0.371,0.346,0.786,0.353,0.391,0.32,0.034,0.037,28783,4113
hiv,datasail_scaled_random,HIV_active,random_forest,0.946,0.344,0.43,0.845,0.935,0.211,0.516,0.036,0.067,28928,4115
hiv,datasail_scaled_random,HIV_active,logistic_regression,0.885,0.247,0.188,0.681,0.219,0.284,0.155,0.036,0.067,28928,4115
hiv,datasail_scaled_stratified,HIV_active,random_forest,0.938,0.167,0.237,0.869,0.667,0.096,0.508,0.028,0.066,28883,4145
hiv,datasail_scaled_stratified,HIV_active,logistic_regression,0.917,0.331,0.287,0.739,0.351,0.312,0.238,0.028,0.066,28883,4145
