dataset,split,label,model,accuracy,f1,mcc,auc
bace,random,Class,random_forest,0.789,0.771,0.577,0.866
bace,random,Class,logistic_regression,0.796,0.78,0.592,0.826
bace,datasail_full,Class,random_forest,0.68,0.226,0.156,0.715
bace,datasail_full,Class,logistic_regression,0.687,0.356,0.209,0.646
bace,datasail_scaled_random,Class,random_forest,0.753,0.0,0.0,0.719
bace,datasail_scaled_random,Class,logistic_regression,0.724,0.078,-0.014,0.514
bace,datasail_scaled_stratified,Class,random_forest,0.767,0.136,0.123,0.805
bace,datasail_scaled_stratified,Class,logistic_regression,0.65,0.36,0.129,0.615
bbbp,random,p_np,random_forest,0.868,0.917,0.644,0.92
bbbp,random,p_np,logistic_regression,0.854,0.904,0.604,0.878
bbbp,datasail_full,p_np,random_forest,0.847,0.917,0.163,0.719
bbbp,datasail_full,p_np,logistic_regression,0.842,0.912,0.214,0.755
bbbp,datasail_scaled_random,p_np,random_forest,0.865,0.924,0.351,0.766
bbbp,datasail_scaled_random,p_np,logistic_regression,0.845,0.911,0.329,0.807
bbbp,datasail_scaled_stratified,p_np,random_forest,0.876,0.932,0.316,0.767
bbbp,datasail_scaled_stratified,p_np,logistic_regression,0.876,0.929,0.458,0.757
tox21,random,NR-AR,random_forest,0.965,0.49,0.559,0.774
tox21,random,NR-AR,logistic_regression,0.944,0.355,0.333,0.693
tox21,random,NR-AR-LBD,random_forest,0.97,0.5,0.568,0.755
tox21,random,NR-AR-LBD,logistic_regression,0.958,0.44,0.428,0.683
tox21,random,NR-AhR,random_forest,0.914,0.513,0.531,0.873
tox21,random,NR-AhR,logistic_regression,0.844,0.444,0.358,0.842
tox21,random,NR-Aromatase,random_forest,0.965,0.167,0.212,0.825
tox21,random,NR-Aromatase,logistic_regression,0.948,0.318,0.293,0.738
tox21,random,NR-ER,random_forest,0.887,0.33,0.323,0.701
tox21,random,NR-ER,logistic_regression,0.788,0.246,0.126,0.65
tox21,random,NR-ER-LBD,random_forest,0.966,0.343,0.397,0.829
tox21,random,NR-ER-LBD,logistic_regression,0.943,0.316,0.286,0.666
tox21,random,NR-PPAR-gamma,random_forest,0.968,0.0,-0.01,0.821
tox21,random,NR-PPAR-gamma,logistic_regression,0.968,0.333,0.325,0.738
tox21,random,SR-ARE,random_forest,0.862,0.245,0.245,0.772
tox21,random,SR-ARE,logistic_regression,0.803,0.321,0.206,0.639
tox21,random,SR-ATAD5,random_forest,0.963,0.071,0.09,0.842
tox21,random,SR-ATAD5,logistic_regression,0.944,0.235,0.207,0.765
tox21,random,SR-HSE,random_forest,0.956,0.125,0.252,0.756
tox21,random,SR-HSE,logistic_regression,0.915,0.229,0.186,0.7
tox21,random,SR-MMP,random_forest,0.864,0.443,0.428,0.88
tox21,random,SR-MMP,logistic_regression,0.803,0.438,0.319,0.781
tox21,random,SR-p53,random_forest,0.948,0.222,0.344,0.86
tox21,random,SR-p53,logistic_regression,0.928,0.351,0.315,0.738
tox21,datasail_full,NR-AR,random_forest,0.987,0.0,0.0,0.5
tox21,datasail_full,NR-AR,logistic_regression,0.979,0.0,-0.01,0.508
tox21,datasail_full,NR-AR-LBD,random_forest,0.981,0.0,0.0,0.536
tox21,datasail_full,NR-AR-LBD,logistic_regression,0.975,0.0,-0.011,0.507
tox21,datasail_full,NR-AhR,random_forest,0.917,0.282,0.317,0.874
tox21,datasail_full,NR-AhR,logistic_regression,0.83,0.393,0.337,0.813
tox21,datasail_full,NR-Aromatase,random_forest,0.972,0.0,0.0,0.85
tox21,datasail_full,NR-Aromatase,logistic_regression,0.952,0.069,0.045,0.63
tox21,datasail_full,NR-ER,random_forest,0.911,0.07,0.119,0.614
tox21,datasail_full,NR-ER,logistic_regression,0.813,0.034,-0.069,0.407
tox21,datasail_full,NR-ER-LBD,random_forest,0.958,0.0,0.0,0.659
tox21,datasail_full,NR-ER-LBD,logistic_regression,0.951,0.057,0.052,0.549
tox21,datasail_full,NR-PPAR-gamma,random_forest,0.989,0.0,0.0,0.664
tox21,datasail_full,NR-PPAR-gamma,logistic_regression,0.986,0.182,0.182,0.583
tox21,datasail_full,SR-ARE,random_forest,0.811,0.035,0.066,0.727
tox21,datasail_full,SR-ARE,logistic_regression,0.797,0.322,0.223,0.68
tox21,datasail_full,SR-ATAD5,random_forest,0.971,0.095,0.155,0.64
tox21,datasail_full,SR-ATAD5,logistic_regression,0.902,0.085,0.051,0.672
tox21,datasail_full,SR-HSE,random_forest,0.949,0.0,0.0,0.762
tox21,datasail_full,SR-HSE,logistic_regression,0.943,0.25,0.238,0.736
tox21,datasail_full,SR-MMP,random_forest,0.856,0.147,0.239,0.884
tox21,datasail_full,SR-MMP,logistic_regression,0.815,0.416,0.306,0.798
tox21,datasail_full,SR-p53,random_forest,0.949,0.0,-0.009,0.728
tox21,datasail_full,SR-p53,logistic_regression,0.938,0.31,0.28,0.697
tox21,datasail_scaled_random,NR-AR,random_forest,0.98,0.0,0.0,0.515
tox21,datasail_scaled_random,NR-AR,logistic_regression,0.967,0.0,-0.016,0.448
tox21,datasail_scaled_random,NR-AR-LBD,random_forest,0.987,0.0,-0.006,0.563
tox21,datasail_scaled_random,NR-AR-LBD,logistic_regression,0.984,0.0,-0.008,0.817
tox21,datasail_scaled_random,NR-AhR,random_forest,0.976,0.105,0.12,0.891
tox21,datasail_scaled_random,NR-AhR,logistic_regression,0.939,0.083,0.061,0.69
tox21,datasail_scaled_random,NR-Aromatase,random_forest,0.954,0.062,0.175,0.805
tox21,datasail_scaled_random,NR-Aromatase,logistic_regression,0.952,0.061,0.118,0.68
tox21,datasail_scaled_random,NR-ER,random_forest,0.911,0.293,0.314,0.662
tox21,datasail_scaled_random,NR-ER,logistic_regression,0.832,0.193,0.1,0.6
tox21,datasail_scaled_random,NR-ER-LBD,random_forest,0.965,0.324,0.351,0.827
tox21,datasail_scaled_random,NR-ER-LBD,logistic_regression,0.95,0.217,0.196,0.676
tox21,datasail_scaled_random,NR-PPAR-gamma,random_forest,0.973,0.0,-0.011,0.689
tox21,datasail_scaled_random,NR-PPAR-gamma,logistic_regression,0.977,0.0,-0.006,0.707
tox21,datasail_scaled_random,SR-ARE,random_forest,0.876,0.091,0.099,0.753
tox21,datasail_scaled_random,SR-ARE,logistic_regression,0.784,0.329,0.22,0.696
tox21,datasail_scaled_random,SR-ATAD5,random_forest,0.974,0.0,-0.01,0.795
tox21,datasail_scaled_random,SR-ATAD5,logistic_regression,0.97,0.214,0.202,0.756
tox21,datasail_scaled_random,SR-HSE,random_forest,0.947,0.1,0.223,0.615
tox21,datasail_scaled_random,SR-HSE,logistic_regression,0.927,0.197,0.167,0.541
tox21,datasail_scaled_random,SR-MMP,random_forest,0.904,0.311,0.381,0.851
tox21,datasail_scaled_random,SR-MMP,logistic_regression,0.777,0.301,0.192,0.722
tox21,datasail_scaled_random,SR-p53,random_forest,0.973,0.0,0.0,0.746
tox21,datasail_scaled_random,SR-p53,logistic_regression,0.952,0.233,0.21,0.734
tox21,datasail_scaled_stratified,NR-AR,random_forest,0.977,0.0,0.0,0.576
tox21,datasail_scaled_stratified,NR-AR,logistic_regression,0.959,0.0,-0.021,0.427
tox21,datasail_scaled_stratified,NR-AR-LBD,random_forest,0.985,0.0,0.0,0.639
tox21,datasail_scaled_stratified,NR-AR-LBD,logistic_regression,0.979,0.0,-0.009,0.621
tox21,datasail_scaled_stratified,NR-AhR,random_forest,0.938,0.0,0.0,0.88
tox21,datasail_scaled_stratified,NR-AhR,logistic_regression,0.913,0.225,0.18,0.617
tox21,datasail_scaled_stratified,NR-Aromatase,random_forest,0.983,0.0,0.0,0.687
tox21,datasail_scaled_stratified,NR-Aromatase,logistic_regression,0.973,0.0,-0.013,0.523
tox21,datasail_scaled_stratified,NR-ER,random_forest,0.927,0.04,0.138,0.538
tox21,datasail_scaled_stratified,NR-ER,logistic_regression,0.825,0.108,0.018,0.455
tox21,datasail_scaled_stratified,NR-ER-LBD,random_forest,0.974,0.095,0.221,0.623
tox21,datasail_scaled_stratified,NR-ER-LBD,logistic_regression,0.953,0.15,0.126,0.606
tox21,datasail_scaled_stratified,NR-PPAR-gamma,random_forest,0.973,0.0,0.0,0.77
tox21,datasail_scaled_stratified,NR-PPAR-gamma,logistic_regression,0.969,0.214,0.215,0.713
tox21,datasail_scaled_stratified,SR-ARE,random_forest,0.899,0.217,0.295,0.69
tox21,datasail_scaled_stratified,SR-ARE,logistic_regression,0.769,0.212,0.088,0.565
tox21,datasail_scaled_stratified,SR-ATAD5,random_forest,0.968,0.0,0.0,0.823
tox21,datasail_scaled_stratified,SR-ATAD5,logistic_regression,0.953,0.34,0.317,0.721
tox21,datasail_scaled_stratified,SR-HSE,random_forest,0.959,0.0,0.0,0.748
tox21,datasail_scaled_stratified,SR-HSE,logistic_regression,0.912,0.189,0.151,0.654
tox21,datasail_scaled_stratified,SR-MMP,random_forest,0.96,0.419,0.483,0.847
tox21,datasail_scaled_stratified,SR-MMP,logistic_regression,0.897,0.333,0.301,0.793
tox21,datasail_scaled_stratified,SR-p53,random_forest,0.964,0.0,0.0,0.837
tox21,datasail_scaled_stratified,SR-p53,logistic_regression,0.936,0.148,0.115,0.676
hiv,random,HIV_active,random_forest,0.972,0.486,0.51,0.835
hiv,random,HIV_active,logistic_regression,0.951,0.371,0.346,0.786
hiv,datasail_scaled_random,HIV_active,random_forest,0.946,0.344,0.43,0.845
hiv,datasail_scaled_random,HIV_active,logistic_regression,0.885,0.247,0.188,0.681
hiv,datasail_scaled_stratified,HIV_active,random_forest,0.938,0.167,0.237,0.869
hiv,datasail_scaled_stratified,HIV_active,logistic_regression,0.917,0.331,0.287,0.739
