ID	Split	Source
mol_0	train	assigned
mol_1	train	assigned
mol_2	test	sampled
mol_3	val	assigned
mol_4	val	assigned
mol_5	val	assigned
mol_6	val	assigned
mol_7	test	assigned
mol_8	train	assigned
mol_9	train	assigned
mol_10	train	assigned
mol_11	val	assigned
mol_12	val	assigned
mol_13	val	assigned
mol_14	val	assigned
mol_15	train	assigned
mol_16	train	assigned
mol_17	train	assigned
mol_18	test	assigned
mol_19	test	assigned
mol_20	val	assigned
mol_21	train	assigned
mol_22	train	assigned
mol_23	val	sampled
mol_24	train	assigned
mol_25	train	sampled
mol_26	val	assigned
mol_27	train	assigned
mol_28	val	assigned
mol_29	train	sampled
mol_30	train	sampled
mol_31	test	assigned
mol_32	train	sampled
mol_33	train	assigned
mol_34	train	assigned
mol_35	train	assigned
mol_36	train	assigned
mol_37	train	assigned
mol_38	train	assigned
mol_39	train	sampled
mol_40	val	assigned
mol_41	train	assigned
mol_42	train	assigned
mol_43	train	assigned
mol_44	test	sampled
mol_45	val	sampled
mol_46	train	assigned
mol_47	val	assigned
mol_48	train	assigned
mol_49	test	sampled
mol_50	train	assigned
mol_51	train	sampled
mol_52	train	assigned
mol_53	train	assigned
mol_54	train	assigned
mol_55	val	assigned
mol_56	train	sampled
mol_57	train	assigned
mol_58	val	assigned
mol_59	train	sampled
mol_60	train	assigned
mol_61	val	assigned
mol_62	test	assigned
mol_63	train	sampled
mol_64	train	assigned
mol_65	train	sampled
mol_66	train	assigned
mol_67	train	sampled
mol_68	train	assigned
mol_69	train	sampled
mol_70	train	sampled
mol_71	train	sampled
mol_72	val	assigned
mol_73	train	sampled
mol_74	val	assigned
mol_75	val	assigned
mol_76	train	sampled
mol_77	train	assigned
mol_78	train	sampled
mol_79	train	assigned
mol_80	train	assigned
mol_81	train	assigned
mol_82	train	assigned
mol_83	train	assigned
mol_84	train	assigned
mol_85	val	assigned
mol_86	train	assigned
mol_87	train	assigned
mol_88	test	assigned
mol_89	val	assigned
mol_90	val	assigned
mol_91	val	assigned
mol_92	train	assigned
mol_93	train	assigned
mol_94	train	assigned
mol_95	train	assigned
mol_96	val	assigned
mol_97	test	assigned
mol_98	test	assigned
mol_99	val	sampled
mol_100	train	sampled
mol_101	test	assigned
mol_102	val	assigned
mol_103	train	assigned
mol_104	train	assigned
mol_105	train	assigned
mol_106	train	assigned
mol_107	train	assigned
mol_108	test	assigned
mol_109	train	sampled
mol_110	train	assigned
mol_111	train	sampled
mol_112	test	assigned
mol_113	train	assigned
mol_114	val	assigned
mol_115	train	sampled
mol_116	train	assigned
mol_117	train	assigned
mol_118	train	assigned
mol_119	train	assigned
mol_120	train	sampled
mol_121	train	assigned
mol_122	val	assigned
mol_123	val	sampled
mol_124	train	sampled
mol_125	val	assigned
mol_126	train	assigned
mol_127	val	assigned
mol_128	train	sampled
mol_129	val	assigned
mol_130	train	assigned
mol_131	train	assigned
mol_132	train	assigned
mol_133	train	assigned
mol_134	train	assigned
mol_135	train	sampled
mol_136	train	assigned
mol_137	test	assigned
mol_138	train	assigned
mol_139	test	assigned
mol_140	test	assigned
mol_141	train	sampled
mol_142	val	assigned
mol_143	train	assigned
mol_144	val	assigned
mol_145	val	assigned
mol_146	val	assigned
mol_147	train	assigned
mol_148	test	assigned
mol_149	test	assigned
mol_150	val	assigned
mol_151	test	assigned
mol_152	train	assigned
mol_153	train	assigned
mol_154	train	assigned
mol_155	train	assigned
mol_156	train	assigned
mol_157	train	assigned
mol_158	test	assigned
mol_159	train	assigned
mol_160	train	assigned
mol_161	train	assigned
mol_162	val	sampled
mol_163	test	sampled
mol_164	val	assigned
mol_165	train	assigned
mol_166	val	assigned
mol_167	train	assigned
mol_168	train	sampled
mol_169	val	assigned
mol_170	train	assigned
mol_171	train	assigned
mol_172	train	assigned
mol_173	test	sampled
mol_174	train	assigned
mol_175	train	sampled
mol_176	train	assigned
mol_177	val	assigned
mol_178	train	assigned
mol_179	train	assigned
mol_180	val	assigned
mol_181	train	assigned
mol_182	train	assigned
mol_183	train	assigned
mol_184	test	sampled
mol_185	test	sampled
mol_186	test	assigned
mol_187	val	assigned
mol_188	train	sampled
mol_189	train	assigned
mol_190	test	assigned
mol_191	train	assigned
mol_192	train	sampled
mol_193	train	assigned
mol_194	train	sampled
mol_195	train	assigned
mol_196	val	sampled
mol_197	train	assigned
mol_198	train	sampled
mol_199	train	assigned
mol_200	test	assigned
mol_201	train	assigned
mol_202	val	assigned
mol_203	train	sampled
mol_204	val	assigned
mol_205	val	assigned
mol_206	train	assigned
mol_207	test	assigned
mol_208	train	assigned
mol_209	train	assigned
mol_210	val	sampled
mol_211	train	sampled
mol_212	train	sampled
mol_213	train	assigned
mol_214	train	assigned
mol_215	train	assigned
mol_216	train	assigned
mol_217	train	assigned
mol_218	train	sampled
mol_219	test	assigned
mol_220	val	sampled
mol_221	train	assigned
mol_222	val	assigned
mol_223	train	assigned
mol_224	train	assigned
mol_225	train	assigned
mol_226	train	assigned
mol_227	val	assigned
mol_228	train	assigned
mol_229	train	assigned
mol_230	train	assigned
mol_231	train	sampled
mol_232	train	assigned
mol_233	val	sampled
mol_234	train	assigned
mol_235	val	assigned
mol_236	train	assigned
mol_237	train	sampled
mol_238	train	assigned
mol_239	train	sampled
mol_240	val	sampled
mol_241	train	assigned
mol_242	train	assigned
mol_243	train	assigned
mol_244	train	sampled
mol_245	test	assigned
mol_246	val	assigned
mol_247	train	sampled
mol_248	val	assigned
mol_249	train	assigned
mol_250	test	assigned
mol_251	train	sampled
mol_252	train	assigned
mol_253	train	assigned
mol_254	train	sampled
mol_255	train	assigned
mol_256	val	sampled
mol_257	train	assigned
mol_258	train	assigned
mol_259	test	sampled
mol_260	train	assigned
mol_261	train	sampled
mol_262	train	assigned
mol_263	train	assigned
mol_264	train	assigned
mol_265	train	sampled
mol_266	train	sampled
mol_267	train	assigned
mol_268	train	assigned
mol_269	train	assigned
mol_270	train	sampled
mol_271	train	sampled
mol_272	train	assigned
mol_273	train	sampled
mol_274	train	assigned
mol_275	train	sampled
mol_276	val	assigned
mol_277	train	assigned
mol_278	train	assigned
mol_279	val	assigned
mol_280	train	assigned
mol_281	train	sampled
mol_282	val	assigned
mol_283	train	assigned
mol_284	train	assigned
mol_285	train	assigned
mol_286	val	assigned
mol_287	train	assigned
mol_288	train	assigned
mol_289	train	sampled
mol_290	train	assigned
mol_291	val	assigned
mol_292	train	sampled
mol_293	train	assigned
mol_294	train	assigned
mol_295	train	assigned
mol_296	test	assigned
mol_297	train	sampled
mol_298	train	sampled
mol_299	train	sampled
mol_300	train	sampled
mol_301	train	assigned
mol_302	train	assigned
mol_303	train	sampled
mol_304	test	assigned
mol_305	train	sampled
mol_306	train	sampled
mol_307	train	sampled
mol_308	train	assigned
mol_309	train	assigned
mol_310	val	assigned
mol_311	train	assigned
mol_312	train	assigned
mol_313	val	assigned
mol_314	train	assigned
mol_315	train	assigned
mol_316	train	sampled
mol_317	val	assigned
mol_318	test	assigned
mol_319	val	assigned
mol_320	val	assigned
mol_321	train	sampled
mol_322	test	sampled
mol_323	train	assigned
mol_324	train	sampled
mol_325	train	assigned
mol_326	train	assigned
mol_327	train	assigned
mol_328	train	assigned
mol_329	val	assigned
mol_330	train	assigned
mol_331	val	sampled
mol_332	test	sampled
mol_333	train	assigned
mol_334	train	assigned
mol_335	train	assigned
mol_336	train	assigned
mol_337	train	assigned
mol_338	val	assigned
mol_339	train	sampled
mol_340	val	assigned
mol_341	train	assigned
mol_342	train	sampled
mol_343	train	assigned
mol_344	train	sampled
mol_345	train	assigned
mol_346	train	assigned
mol_347	train	assigned
mol_348	val	assigned
mol_349	test	assigned
mol_350	val	sampled
mol_351	val	sampled
mol_352	val	sampled
mol_353	train	sampled
mol_354	val	sampled
mol_355	train	assigned
mol_356	train	assigned
mol_357	val	assigned
mol_358	val	assigned
mol_359	train	assigned
mol_360	train	assigned
mol_361	train	sampled
mol_362	train	assigned
mol_363	test	assigned
mol_364	val	assigned
mol_365	train	sampled
mol_366	test	sampled
mol_367	test	sampled
mol_368	train	sampled
mol_369	train	assigned
mol_370	train	assigned
mol_371	train	assigned
mol_372	train	assigned
mol_373	train	assigned
mol_374	train	sampled
mol_375	val	assigned
mol_376	train	sampled
mol_377	train	assigned
mol_378	val	assigned
mol_379	val	assigned
mol_380	train	assigned
mol_381	val	sampled
mol_382	val	sampled
mol_383	train	sampled
mol_384	train	assigned
mol_385	test	assigned
mol_386	train	assigned
mol_387	val	assigned
mol_388	train	assigned
mol_389	train	assigned
mol_390	train	assigned
mol_391	train	assigned
mol_392	train	assigned
mol_393	train	sampled
mol_394	train	sampled
mol_395	val	assigned
mol_396	train	assigned
mol_397	train	assigned
mol_398	val	sampled
mol_399	train	assigned
mol_400	val	assigned
mol_401	train	assigned
mol_402	test	assigned
mol_403	train	assigned
mol_404	train	assigned
mol_405	train	assigned
mol_406	train	assigned
mol_407	train	assigned
mol_408	train	sampled
mol_409	train	assigned
mol_410	test	assigned
mol_411	test	sampled
mol_412	train	assigned
mol_413	train	assigned
mol_414	train	sampled
mol_415	train	sampled
mol_416	train	sampled
mol_417	test	assigned
mol_418	train	assigned
mol_419	test	assigned
mol_420	test	sampled
mol_421	train	assigned
mol_422	test	sampled
mol_423	test	assigned
mol_424	val	assigned
mol_425	val	assigned
mol_426	train	sampled
mol_427	train	sampled
mol_428	train	assigned
mol_429	train	sampled
mol_430	val	assigned
mol_431	train	assigned
mol_432	train	sampled
mol_433	train	sampled
mol_434	val	assigned
mol_435	train	assigned
mol_436	train	sampled
mol_437	train	assigned
mol_438	train	sampled
mol_439	train	sampled
mol_440	train	assigned
mol_441	train	assigned
mol_442	val	assigned
mol_443	val	assigned
mol_444	train	assigned
mol_445	train	sampled
mol_446	train	assigned
mol_447	train	assigned
mol_448	train	assigned
mol_449	train	assigned
mol_450	train	sampled
mol_451	train	assigned
mol_452	train	assigned
mol_453	train	sampled
mol_454	test	assigned
mol_455	train	assigned
mol_456	train	assigned
mol_457	val	assigned
mol_458	val	assigned
mol_459	train	assigned
mol_460	train	assigned
mol_461	train	assigned
mol_462	train	sampled
mol_463	train	assigned
mol_464	train	sampled
mol_465	train	assigned
mol_466	train	assigned
mol_467	test	assigned
mol_468	train	assigned
mol_469	train	assigned
mol_470	train	assigned
mol_471	val	sampled
mol_472	test	assigned
mol_473	train	assigned
mol_474	train	assigned
mol_475	val	assigned
mol_476	train	assigned
mol_477	val	assigned
mol_478	val	sampled
mol_479	train	sampled
mol_480	train	sampled
mol_481	train	assigned
mol_482	test	sampled
mol_483	train	sampled
mol_484	val	assigned
mol_485	train	sampled
mol_486	train	sampled
mol_487	train	assigned
mol_488	test	assigned
mol_489	train	assigned
mol_490	train	assigned
mol_491	train	assigned
mol_492	test	assigned
mol_493	train	assigned
mol_494	train	sampled
mol_495	train	sampled
mol_496	val	assigned
mol_497	train	assigned
mol_498	test	assigned
mol_499	train	assigned
mol_500	train	assigned
mol_501	train	assigned
mol_502	train	assigned
mol_503	test	assigned
mol_504	test	assigned
mol_505	val	assigned
mol_506	train	assigned
mol_507	val	sampled
mol_508	train	assigned
mol_509	train	assigned
mol_510	train	assigned
mol_511	train	assigned
mol_512	train	assigned
mol_513	val	assigned
mol_514	train	sampled
mol_515	val	assigned
mol_516	val	assigned
mol_517	val	assigned
mol_518	train	assigned
mol_519	train	sampled
mol_520	train	assigned
mol_521	train	assigned
mol_522	train	assigned
mol_523	train	assigned
mol_524	train	assigned
mol_525	train	assigned
mol_526	train	sampled
mol_527	train	sampled
mol_528	train	assigned
mol_529	train	sampled
mol_530	train	sampled
mol_531	train	assigned
mol_532	test	sampled
mol_533	train	assigned
mol_534	test	sampled
mol_535	train	sampled
mol_536	train	assigned
mol_537	train	assigned
mol_538	val	sampled
mol_539	val	assigned
mol_540	val	assigned
mol_541	val	assigned
mol_542	train	assigned
mol_543	train	sampled
mol_544	train	sampled
mol_545	train	assigned
mol_546	train	assigned
mol_547	train	assigned
mol_548	train	sampled
mol_549	test	assigned
mol_550	train	assigned
mol_551	test	assigned
mol_552	train	sampled
mol_553	train	assigned
mol_554	train	sampled
mol_555	val	sampled
mol_556	train	assigned
mol_557	train	assigned
mol_558	train	assigned
mol_559	train	assigned
mol_560	val	assigned
mol_561	train	sampled
mol_562	train	assigned
mol_563	train	assigned
mol_564	train	assigned
mol_565	train	assigned
mol_566	train	assigned
mol_567	train	assigned
mol_568	train	assigned
mol_569	train	assigned
mol_570	train	sampled
mol_571	train	assigned
mol_572	train	sampled
mol_573	train	assigned
mol_574	train	assigned
mol_575	train	assigned
mol_576	train	sampled
mol_577	train	assigned
mol_578	train	assigned
mol_579	train	assigned
mol_580	test	assigned
mol_581	test	assigned
mol_582	train	sampled
mol_583	train	sampled
mol_584	train	sampled
mol_585	train	sampled
mol_586	train	assigned
mol_587	train	assigned
mol_588	train	sampled
mol_589	train	assigned
mol_590	train	assigned
mol_591	train	sampled
mol_592	train	assigned
mol_593	train	sampled
mol_594	val	assigned
mol_595	val	assigned
mol_596	train	sampled
mol_597	train	assigned
mol_598	train	assigned
mol_599	val	sampled
mol_600	val	assigned
mol_601	train	assigned
mol_602	train	sampled
mol_603	train	assigned
mol_604	train	assigned
mol_605	test	assigned
mol_606	train	assigned
mol_607	train	sampled
mol_608	train	assigned
mol_609	train	assigned
mol_610	train	sampled
mol_611	val	sampled
mol_612	train	assigned
mol_613	train	assigned
mol_614	train	sampled
mol_615	val	assigned
mol_616	test	assigned
mol_617	train	sampled
mol_618	val	sampled
mol_619	train	sampled
mol_620	val	sampled
mol_621	val	assigned
mol_622	val	assigned
mol_623	val	assigned
mol_624	val	assigned
mol_625	val	assigned
mol_626	val	assigned
mol_627	test	assigned
mol_628	train	assigned
mol_629	train	assigned
mol_630	train	sampled
mol_631	train	assigned
mol_632	test	assigned
mol_633	train	assigned
mol_634	test	assigned
mol_635	train	assigned
mol_636	val	assigned
mol_637	val	sampled
mol_638	val	assigned
mol_639	train	assigned
mol_640	train	assigned
mol_641	train	assigned
mol_642	train	assigned
mol_643	train	assigned
mol_644	train	assigned
mol_645	train	assigned
mol_646	train	assigned
mol_647	train	assigned
mol_648	train	assigned
mol_649	train	assigned
mol_650	test	sampled
mol_651	train	sampled
mol_652	train	assigned
mol_653	train	assigned
mol_654	train	sampled
mol_655	val	assigned
mol_656	train	assigned
mol_657	val	assigned
mol_658	val	assigned
mol_659	val	assigned
mol_660	val	assigned
mol_661	train	assigned
mol_662	train	assigned
mol_663	train	assigned
mol_664	test	assigned
mol_665	train	assigned
mol_666	train	assigned
mol_667	train	assigned
mol_668	train	assigned
mol_669	train	assigned
mol_670	train	sampled
mol_671	test	assigned
mol_672	train	assigned
mol_673	test	assigned
mol_674	test	sampled
mol_675	train	assigned
mol_676	train	assigned
mol_677	train	assigned
mol_678	train	sampled
mol_679	train	sampled
mol_680	train	sampled
mol_681	train	assigned
mol_682	test	assigned
mol_683	train	assigned
mol_684	test	assigned
mol_685	train	assigned
mol_686	val	assigned
mol_687	train	assigned
mol_688	train	assigned
mol_689	train	assigned
mol_690	val	assigned
mol_691	train	assigned
mol_692	train	sampled
mol_693	val	sampled
mol_694	train	sampled
mol_695	val	assigned
mol_696	val	assigned
mol_697	train	assigned
mol_698	train	assigned
mol_699	train	assigned
mol_700	train	assigned
mol_701	train	sampled
mol_702	train	assigned
mol_703	train	assigned
mol_704	train	sampled
mol_705	train	sampled
mol_706	test	sampled
mol_707	train	sampled
mol_708	train	assigned
mol_709	train	assigned
mol_710	train	sampled
mol_711	train	assigned
mol_712	train	sampled
mol_713	train	assigned
mol_714	train	assigned
mol_715	test	sampled
mol_716	train	assigned
mol_717	val	assigned
mol_718	val	assigned
mol_719	val	assigned
mol_720	train	assigned
mol_721	val	sampled
mol_722	train	assigned
mol_723	val	assigned
mol_724	train	assigned
mol_725	train	assigned
mol_726	val	assigned
mol_727	train	assigned
mol_728	train	assigned
mol_729	train	assigned
mol_730	val	sampled
mol_731	train	assigned
mol_732	train	assigned
mol_733	train	sampled
mol_734	train	assigned
mol_735	test	assigned
mol_736	train	assigned
mol_737	train	assigned
mol_738	val	assigned
mol_739	train	assigned
mol_740	train	assigned
mol_741	train	sampled
mol_742	val	assigned
mol_743	train	assigned
mol_744	val	sampled
mol_745	val	sampled
mol_746	val	assigned
mol_747	val	assigned
mol_748	val	assigned
mol_749	train	assigned
mol_750	train	assigned
mol_751	train	assigned
mol_752	train	sampled
mol_753	train	assigned
mol_754	train	assigned
mol_755	train	sampled
mol_756	train	sampled
mol_757	train	sampled
mol_758	train	assigned
mol_759	train	sampled
mol_760	train	assigned
mol_761	train	assigned
mol_762	train	assigned
mol_763	train	assigned
mol_764	train	sampled
mol_765	train	sampled
mol_766	train	assigned
mol_767	train	sampled
mol_768	train	assigned
mol_769	train	assigned
mol_770	train	assigned
mol_771	val	assigned
mol_772	train	assigned
mol_773	val	assigned
mol_774	val	sampled
mol_775	val	assigned
mol_776	train	assigned
mol_777	train	assigned
mol_778	train	assigned
mol_779	train	assigned
mol_780	train	sampled
mol_781	train	assigned
mol_782	val	sampled
mol_783	train	assigned
mol_784	train	assigned
mol_785	val	sampled
mol_786	val	assigned
mol_787	train	assigned
mol_788	val	sampled
mol_789	val	assigned
mol_790	train	assigned
mol_791	train	assigned
mol_792	train	sampled
mol_793	train	assigned
mol_794	train	assigned
mol_795	train	assigned
mol_796	train	assigned
mol_797	train	assigned
mol_798	val	assigned
mol_799	train	assigned
mol_800	train	assigned
mol_801	val	assigned
mol_802	val	sampled
mol_803	train	assigned
mol_804	train	assigned
mol_805	test	assigned
mol_806	train	sampled
mol_807	train	sampled
mol_808	train	assigned
mol_809	train	sampled
mol_810	train	assigned
mol_811	train	assigned
mol_812	train	sampled
mol_813	train	assigned
mol_814	val	assigned
mol_815	train	assigned
mol_816	val	assigned
mol_817	train	sampled
mol_818	train	sampled
mol_819	val	sampled
mol_820	val	assigned
mol_821	train	assigned
mol_822	train	assigned
mol_823	train	assigned
mol_824	train	assigned
mol_825	train	assigned
mol_826	train	assigned
mol_827	val	assigned
mol_828	val	assigned
mol_829	train	sampled
mol_830	val	assigned
mol_831	train	assigned
mol_832	train	assigned
mol_833	train	assigned
mol_834	val	sampled
mol_835	train	assigned
mol_836	train	sampled
mol_837	val	assigned
mol_838	train	assigned
mol_839	val	assigned
mol_840	train	assigned
mol_841	train	assigned
mol_842	val	assigned
mol_843	train	assigned
mol_844	train	assigned
mol_845	train	assigned
mol_846	val	assigned
mol_847	train	assigned
mol_848	test	assigned
mol_849	test	sampled
mol_850	test	assigned
mol_851	val	assigned
mol_852	val	assigned
mol_853	train	assigned
mol_854	val	assigned
mol_855	train	assigned
mol_856	train	assigned
mol_857	val	sampled
mol_858	train	assigned
mol_859	train	assigned
mol_860	train	assigned
mol_861	train	sampled
mol_862	train	sampled
mol_863	train	assigned
mol_864	train	assigned
mol_865	train	sampled
mol_866	train	assigned
mol_867	train	assigned
mol_868	train	assigned
mol_869	train	sampled
mol_870	val	assigned
mol_871	train	assigned
mol_872	val	assigned
mol_873	train	sampled
mol_874	train	assigned
mol_875	train	assigned
mol_876	train	assigned
mol_877	train	assigned
mol_878	train	assigned
mol_879	val	assigned
mol_880	val	assigned
mol_881	train	assigned
mol_882	train	assigned
mol_883	val	assigned
mol_884	val	assigned
mol_885	train	assigned
mol_886	val	sampled
mol_887	train	sampled
mol_888	train	sampled
mol_889	train	assigned
mol_890	train	assigned
mol_891	train	assigned
mol_892	train	sampled
mol_893	train	assigned
mol_894	train	assigned
mol_895	train	assigned
mol_896	train	assigned
mol_897	train	assigned
mol_898	train	assigned
mol_899	train	assigned
mol_900	train	sampled
mol_901	train	assigned
mol_902	train	assigned
mol_903	train	assigned
mol_904	val	sampled
mol_905	train	sampled
mol_906	train	assigned
mol_907	train	assigned
mol_908	train	assigned
mol_909	train	sampled
mol_910	train	assigned
mol_911	train	assigned
mol_912	train	assigned
mol_913	train	assigned
mol_914	val	assigned
mol_915	train	sampled
mol_916	val	sampled
mol_917	train	assigned
mol_918	train	assigned
mol_919	train	assigned
mol_920	val	assigned
mol_921	train	assigned
mol_922	train	assigned
mol_923	train	sampled
mol_924	val	assigned
mol_925	train	assigned
mol_926	train	sampled
mol_927	train	assigned
mol_928	test	assigned
mol_929	train	assigned
mol_930	train	assigned
mol_931	train	assigned
mol_932	train	assigned
mol_933	train	assigned
mol_934	test	assigned
mol_935	val	assigned
mol_936	train	sampled
mol_937	val	sampled
mol_938	train	sampled
mol_939	train	sampled
mol_940	val	assigned
mol_941	val	sampled
mol_942	train	sampled
mol_943	val	sampled
mol_944	train	assigned
mol_945	val	assigned
mol_946	train	assigned
mol_947	train	assigned
mol_948	test	assigned
mol_949	train	sampled
mol_950	val	assigned
mol_951	test	assigned
mol_952	train	assigned
mol_953	train	assigned
mol_954	train	assigned
mol_955	train	assigned
mol_956	test	assigned
mol_957	test	assigned
mol_958	train	assigned
mol_959	val	assigned
mol_960	val	assigned
mol_961	train	assigned
mol_962	train	assigned
mol_963	train	sampled
mol_964	test	assigned
mol_965	train	sampled
mol_966	train	sampled
mol_967	train	assigned
mol_968	train	sampled
mol_969	test	assigned
mol_970	train	assigned
mol_971	val	assigned
mol_972	test	assigned
mol_973	train	assigned
mol_974	train	sampled
mol_975	train	assigned
mol_976	val	sampled
mol_977	test	assigned
mol_978	train	assigned
mol_979	train	sampled
mol_980	train	assigned
mol_981	val	assigned
mol_982	test	assigned
mol_983	train	assigned
mol_984	train	sampled
mol_985	train	assigned
mol_986	test	sampled
mol_987	train	sampled
mol_988	train	sampled
mol_989	train	assigned
mol_990	train	assigned
mol_991	train	assigned
mol_992	train	assigned
mol_993	train	assigned
mol_994	train	sampled
mol_995	val	assigned
mol_996	train	assigned
mol_997	train	sampled
mol_998	val	sampled
mol_999	train	assigned
mol_1000	test	assigned
mol_1001	test	sampled
mol_1002	val	assigned
mol_1003	train	assigned
mol_1004	train	assigned
mol_1005	train	sampled
mol_1006	val	sampled
mol_1007	train	sampled
mol_1008	train	assigned
mol_1009	test	assigned
mol_1010	train	assigned
mol_1011	val	assigned
mol_1012	train	assigned
mol_1013	val	assigned
mol_1014	train	assigned
mol_1015	train	assigned
mol_1016	test	assigned
mol_1017	train	assigned
mol_1018	val	assigned
mol_1019	train	assigned
mol_1020	train	assigned
mol_1021	train	assigned
mol_1022	train	assigned
mol_1023	train	assigned
mol_1024	train	assigned
mol_1025	train	assigned
mol_1026	val	assigned
mol_1027	val	sampled
mol_1028	train	assigned
mol_1029	val	assigned
mol_1030	train	assigned
mol_1031	train	assigned
mol_1032	train	assigned
mol_1033	val	assigned
mol_1034	test	assigned
mol_1035	val	assigned
mol_1036	test	assigned
mol_1037	train	sampled
mol_1038	train	assigned
mol_1039	train	assigned
mol_1040	train	assigned
mol_1041	train	assigned
mol_1042	train	assigned
mol_1043	train	sampled
mol_1044	train	assigned
mol_1045	val	assigned
mol_1046	val	assigned
mol_1047	train	sampled
mol_1048	train	assigned
mol_1049	train	assigned
mol_1050	train	assigned
mol_1051	train	assigned
mol_1052	train	assigned
mol_1053	train	sampled
mol_1054	train	sampled
mol_1055	train	sampled
mol_1056	train	assigned
mol_1057	train	sampled
mol_1058	train	sampled
mol_1059	train	assigned
mol_1060	train	assigned
mol_1061	train	assigned
mol_1062	train	assigned
mol_1063	train	assigned
mol_1064	train	assigned
mol_1065	val	assigned
mol_1066	test	assigned
mol_1067	train	sampled
mol_1068	train	assigned
mol_1069	train	assigned
mol_1070	train	assigned
mol_1071	train	assigned
mol_1072	train	assigned
mol_1073	train	assigned
mol_1074	train	assigned
mol_1075	train	assigned
mol_1076	train	assigned
mol_1077	train	assigned
mol_1078	train	sampled
mol_1079	test	assigned
mol_1080	train	assigned
mol_1081	test	assigned
mol_1082	test	assigned
mol_1083	test	assigned
mol_1084	train	sampled
mol_1085	train	sampled
mol_1086	train	assigned
mol_1087	val	sampled
mol_1088	train	assigned
mol_1089	test	assigned
mol_1090	train	assigned
mol_1091	train	assigned
mol_1092	train	assigned
mol_1093	train	assigned
mol_1094	train	assigned
mol_1095	train	assigned
mol_1096	train	assigned
mol_1097	train	assigned
mol_1098	test	assigned
mol_1099	train	assigned
mol_1100	val	sampled
mol_1101	train	assigned
mol_1102	train	sampled
mol_1103	val	assigned
mol_1104	test	assigned
mol_1105	val	sampled
mol_1106	train	sampled
mol_1107	val	sampled
mol_1108	train	assigned
mol_1109	train	assigned
mol_1110	train	assigned
mol_1111	train	sampled
mol_1112	train	assigned
mol_1113	train	sampled
mol_1114	train	assigned
mol_1115	train	assigned
mol_1116	train	assigned
mol_1117	train	sampled
mol_1118	train	assigned
mol_1119	val	assigned
mol_1120	train	assigned
mol_1121	train	assigned
mol_1122	val	assigned
mol_1123	train	assigned
mol_1124	val	sampled
mol_1125	val	sampled
mol_1126	train	assigned
mol_1127	train	assigned
mol_1128	test	sampled
mol_1129	test	assigned
mol_1130	test	assigned
mol_1131	train	sampled
mol_1132	val	sampled
mol_1133	train	sampled
mol_1134	train	assigned
mol_1135	train	assigned
mol_1136	train	assigned
mol_1137	train	assigned
mol_1138	train	assigned
mol_1139	train	assigned
mol_1140	train	assigned
mol_1141	train	assigned
mol_1142	train	assigned
mol_1143	train	assigned
mol_1144	train	sampled
mol_1145	train	assigned
mol_1146	test	assigned
mol_1147	train	assigned
mol_1148	train	assigned
mol_1149	train	assigned
mol_1150	val	assigned
mol_1151	train	sampled
mol_1152	train	assigned
mol_1153	train	assigned
mol_1154	val	assigned
mol_1155	train	assigned
mol_1156	train	assigned
mol_1157	train	assigned
mol_1158	train	assigned
mol_1159	test	sampled
mol_1160	val	assigned
mol_1161	train	sampled
mol_1162	val	assigned
mol_1163	val	sampled
mol_1164	train	assigned
mol_1165	train	assigned
mol_1166	train	assigned
mol_1167	train	assigned
mol_1168	train	assigned
mol_1169	train	sampled
mol_1170	train	assigned
mol_1171	train	assigned
mol_1172	train	assigned
mol_1173	train	assigned
mol_1174	train	assigned
mol_1175	val	sampled
mol_1176	train	assigned
mol_1177	train	sampled
mol_1178	test	assigned
mol_1179	train	assigned
mol_1180	val	assigned
mol_1181	train	sampled
mol_1182	train	sampled
mol_1183	train	assigned
mol_1184	val	assigned
mol_1185	train	assigned
mol_1186	train	assigned
mol_1187	test	assigned
mol_1188	train	assigned
mol_1189	train	sampled
mol_1190	train	assigned
mol_1191	val	assigned
mol_1192	train	assigned
mol_1193	train	assigned
mol_1194	val	assigned
mol_1195	test	assigned
mol_1196	train	assigned
mol_1197	train	assigned
mol_1198	train	assigned
mol_1199	train	assigned
mol_1200	train	assigned
mol_1201	val	assigned
mol_1202	train	sampled
mol_1203	val	assigned
mol_1204	train	assigned
mol_1205	train	assigned
mol_1206	train	sampled
mol_1207	test	assigned
mol_1208	train	sampled
mol_1209	train	assigned
mol_1210	train	assigned
mol_1211	train	assigned
mol_1212	train	assigned
mol_1213	test	assigned
mol_1214	train	assigned
mol_1215	test	assigned
mol_1216	train	assigned
mol_1217	train	assigned
mol_1218	train	assigned
mol_1219	test	assigned
mol_1220	test	sampled
mol_1221	train	assigned
mol_1222	train	assigned
mol_1223	val	assigned
mol_1224	train	assigned
mol_1225	train	assigned
mol_1226	val	assigned
mol_1227	val	assigned
mol_1228	train	assigned
mol_1229	val	assigned
mol_1230	val	assigned
mol_1231	val	sampled
mol_1232	train	sampled
mol_1233	train	assigned
mol_1234	train	assigned
mol_1235	train	assigned
mol_1236	train	assigned
mol_1237	test	assigned
mol_1238	val	assigned
mol_1239	val	assigned
mol_1240	train	assigned
mol_1241	val	assigned
mol_1242	test	sampled
mol_1243	val	assigned
mol_1244	train	assigned
mol_1245	val	assigned
mol_1246	test	assigned
mol_1247	train	sampled
mol_1248	train	assigned
mol_1249	train	assigned
mol_1250	train	assigned
mol_1251	val	sampled
mol_1252	val	assigned
mol_1253	train	assigned
mol_1254	train	assigned
mol_1255	train	assigned
mol_1256	train	assigned
mol_1257	train	assigned
mol_1258	train	assigned
mol_1259	val	assigned
mol_1260	train	assigned
mol_1261	train	sampled
mol_1262	train	assigned
mol_1263	test	sampled
mol_1264	train	assigned
mol_1265	val	assigned
mol_1266	val	assigned
mol_1267	train	assigned
mol_1268	train	sampled
mol_1269	train	sampled
mol_1270	val	assigned
mol_1271	test	assigned
mol_1272	val	assigned
mol_1273	train	assigned
mol_1274	train	sampled
mol_1275	train	assigned
mol_1276	val	assigned
mol_1277	train	assigned
mol_1278	test	assigned
mol_1279	train	assigned
mol_1280	val	assigned
mol_1281	train	sampled
mol_1282	val	assigned
mol_1283	train	sampled
mol_1284	train	sampled
mol_1285	train	assigned
mol_1286	train	assigned
mol_1287	train	assigned
mol_1288	val	assigned
mol_1289	train	assigned
mol_1290	val	sampled
mol_1291	train	assigned
mol_1292	train	assigned
mol_1293	train	assigned
mol_1294	train	assigned
mol_1295	val	assigned
mol_1296	train	assigned
mol_1297	train	assigned
mol_1298	train	sampled
mol_1299	train	sampled
mol_1300	train	assigned
mol_1301	train	sampled
mol_1302	train	assigned
mol_1303	train	sampled
mol_1304	val	sampled
mol_1305	train	assigned
mol_1306	train	assigned
mol_1307	test	assigned
mol_1308	train	assigned
mol_1309	train	assigned
mol_1310	train	assigned
mol_1311	val	assigned
mol_1312	train	assigned
mol_1313	train	assigned
mol_1314	train	sampled
mol_1315	train	sampled
mol_1316	train	assigned
mol_1317	train	assigned
mol_1318	train	sampled
mol_1319	train	assigned
mol_1320	val	sampled
mol_1321	train	assigned
mol_1322	train	assigned
mol_1323	test	assigned
mol_1324	test	assigned
mol_1325	test	assigned
mol_1326	val	sampled
mol_1327	train	assigned
mol_1328	val	sampled
mol_1329	val	assigned
mol_1330	train	assigned
mol_1331	test	assigned
mol_1332	train	assigned
mol_1333	train	assigned
mol_1334	train	sampled
mol_1335	test	sampled
mol_1336	test	assigned
mol_1337	train	assigned
mol_1338	train	sampled
mol_1339	train	assigned
mol_1340	train	sampled
mol_1341	train	sampled
mol_1342	train	assigned
mol_1343	train	sampled
mol_1344	train	sampled
mol_1345	val	assigned
mol_1346	train	assigned
mol_1347	train	assigned
mol_1348	val	assigned
mol_1349	train	assigned
mol_1350	train	assigned
mol_1351	val	sampled
mol_1352	train	sampled
mol_1353	train	assigned
mol_1354	train	assigned
mol_1355	train	assigned
mol_1356	test	assigned
mol_1357	train	assigned
mol_1358	train	sampled
mol_1359	train	assigned
mol_1360	train	assigned
mol_1361	train	assigned
mol_1362	train	sampled
mol_1363	val	assigned
mol_1364	train	assigned
mol_1365	train	assigned
mol_1366	test	assigned
mol_1367	train	assigned
mol_1368	val	assigned
mol_1369	train	assigned
mol_1370	train	sampled
mol_1371	val	assigned
mol_1372	train	assigned
mol_1373	train	assigned
mol_1374	train	sampled
mol_1375	train	assigned
mol_1376	val	assigned
mol_1377	train	assigned
mol_1378	test	assigned
mol_1379	train	sampled
mol_1380	train	assigned
mol_1381	train	assigned
mol_1382	train	assigned
mol_1383	train	sampled
mol_1384	train	assigned
mol_1385	train	sampled
mol_1386	train	sampled
mol_1387	train	assigned
mol_1388	val	assigned
mol_1389	train	assigned
mol_1390	train	assigned
mol_1391	train	sampled
mol_1392	train	assigned
mol_1393	train	sampled
mol_1394	train	assigned
mol_1395	test	assigned
mol_1396	val	assigned
mol_1397	train	assigned
mol_1398	train	assigned
mol_1399	train	assigned
mol_1400	train	assigned
mol_1401	train	assigned
mol_1402	train	assigned
mol_1403	train	assigned
mol_1404	test	sampled
mol_1405	train	sampled
mol_1406	train	assigned
mol_1407	train	sampled
mol_1408	val	assigned
mol_1409	train	assigned
mol_1410	val	assigned
mol_1411	train	assigned
mol_1412	train	sampled
mol_1413	train	assigned
mol_1414	train	assigned
mol_1415	train	assigned
mol_1416	train	assigned
mol_1417	train	sampled
mol_1418	val	assigned
mol_1419	val	assigned
mol_1420	val	sampled
mol_1421	train	assigned
mol_1422	train	sampled
mol_1423	train	assigned
mol_1424	train	sampled
mol_1425	train	assigned
mol_1426	train	assigned
mol_1427	train	assigned
mol_1428	train	assigned
mol_1429	val	assigned
mol_1430	train	assigned
mol_1431	train	assigned
mol_1432	train	assigned
mol_1433	train	assigned
mol_1434	train	assigned
mol_1435	test	assigned
mol_1436	val	assigned
mol_1437	train	assigned
mol_1438	train	assigned
mol_1439	train	assigned
mol_1440	train	assigned
mol_1441	train	sampled
mol_1442	train	sampled
mol_1443	val	assigned
mol_1444	test	assigned
mol_1445	val	assigned
mol_1446	val	sampled
mol_1447	train	assigned
mol_1448	val	assigned
mol_1449	val	assigned
mol_1450	train	assigned
mol_1451	train	assigned
mol_1452	train	assigned
mol_1453	train	assigned
mol_1454	train	sampled
mol_1455	train	assigned
mol_1456	test	assigned
mol_1457	train	sampled
mol_1458	train	assigned
mol_1459	train	assigned
mol_1460	val	assigned
mol_1461	train	sampled
mol_1462	train	assigned
mol_1463	val	assigned
mol_1464	train	assigned
mol_1465	train	assigned
mol_1466	train	sampled
mol_1467	train	sampled
mol_1468	train	sampled
mol_1469	test	sampled
mol_1470	val	assigned
mol_1471	train	assigned
mol_1472	train	assigned
mol_1473	train	assigned
mol_1474	train	assigned
mol_1475	train	sampled
mol_1476	val	sampled
mol_1477	val	sampled
mol_1478	train	assigned
mol_1479	val	assigned
mol_1480	train	assigned
mol_1481	train	sampled
mol_1482	val	assigned
mol_1483	train	sampled
mol_1484	train	assigned
mol_1485	test	assigned
mol_1486	test	sampled
mol_1487	test	sampled
mol_1488	test	sampled
mol_1489	train	assigned
mol_1490	val	assigned
mol_1491	train	assigned
mol_1492	test	assigned
mol_1493	val	sampled
mol_1494	train	assigned
mol_1495	train	assigned
mol_1496	train	assigned
mol_1497	train	assigned
mol_1498	train	assigned
mol_1499	train	assigned
mol_1500	train	assigned
mol_1501	train	sampled
mol_1502	test	sampled
mol_1503	train	assigned
mol_1504	train	assigned
mol_1505	train	assigned
mol_1506	train	sampled
mol_1507	train	assigned
mol_1508	test	assigned
mol_1509	train	assigned
mol_1510	train	assigned
mol_1511	train	sampled
mol_1512	train	assigned
mol_1513	train	assigned
mol_1514	train	sampled
mol_1515	val	assigned
mol_1516	test	assigned
mol_1517	train	sampled
mol_1518	test	assigned
mol_1519	val	assigned
mol_1520	train	assigned
mol_1521	test	sampled
mol_1522	train	assigned
mol_1523	train	sampled
mol_1524	train	assigned
mol_1525	val	assigned
mol_1526	train	assigned
mol_1527	train	assigned
mol_1528	train	assigned
mol_1529	train	assigned
mol_1530	train	sampled
mol_1531	train	assigned
mol_1532	val	sampled
mol_1533	val	assigned
mol_1534	train	assigned
mol_1535	val	assigned
mol_1536	train	assigned
mol_1537	train	assigned
mol_1538	train	assigned
mol_1539	train	assigned
mol_1540	train	assigned
mol_1541	train	sampled
mol_1542	val	sampled
mol_1543	train	sampled
mol_1544	train	sampled
mol_1545	train	assigned
mol_1546	train	assigned
mol_1547	train	assigned
mol_1548	train	assigned
mol_1549	train	assigned
mol_1550	train	assigned
mol_1551	train	assigned
mol_1552	val	sampled
mol_1553	train	assigned
mol_1554	train	assigned
mol_1555	val	assigned
mol_1556	train	assigned
mol_1557	train	sampled
mol_1558	train	assigned
mol_1559	train	assigned
mol_1560	train	sampled
mol_1561	test	assigned
mol_1562	train	sampled
mol_1563	train	assigned
mol_1564	train	sampled
mol_1565	val	assigned
mol_1566	train	sampled
mol_1567	train	sampled
mol_1568	train	assigned
mol_1569	train	assigned
mol_1570	train	assigned
mol_1571	train	sampled
mol_1572	train	assigned
mol_1573	train	assigned
mol_1574	test	sampled
mol_1575	val	assigned
mol_1576	train	assigned
mol_1577	train	assigned
mol_1578	val	sampled
mol_1579	train	assigned
mol_1580	train	sampled
mol_1581	train	sampled
mol_1582	train	assigned
mol_1583	test	assigned
mol_1584	train	assigned
mol_1585	train	assigned
mol_1586	train	assigned
mol_1587	train	assigned
mol_1588	train	sampled
mol_1589	train	assigned
mol_1590	val	assigned
mol_1591	test	assigned
mol_1592	train	assigned
mol_1593	train	assigned
mol_1594	train	assigned
mol_1595	train	assigned
mol_1596	val	sampled
mol_1597	train	assigned
mol_1598	train	assigned
mol_1599	train	assigned
mol_1600	train	assigned
mol_1601	train	assigned
mol_1602	train	assigned
mol_1603	test	assigned
mol_1604	val	assigned
mol_1605	train	assigned
mol_1606	test	assigned
mol_1607	train	assigned
mol_1608	train	assigned
mol_1609	train	sampled
mol_1610	train	assigned
mol_1611	test	sampled
mol_1612	val	assigned
mol_1613	val	assigned
mol_1614	val	assigned
mol_1615	val	assigned
mol_1616	train	sampled
mol_1617	train	assigned
mol_1618	train	assigned
mol_1619	val	sampled
mol_1620	val	assigned
mol_1621	train	assigned
mol_1622	val	assigned
mol_1623	val	assigned
mol_1624	val	assigned
mol_1625	train	assigned
mol_1626	test	assigned
mol_1627	train	assigned
mol_1628	val	assigned
mol_1629	val	assigned
mol_1630	train	sampled
mol_1631	train	assigned
mol_1632	test	assigned
mol_1633	train	assigned
mol_1634	train	assigned
mol_1635	train	assigned
mol_1636	test	assigned
mol_1637	train	sampled
mol_1638	train	assigned
mol_1639	val	sampled
mol_1640	val	sampled
mol_1641	val	assigned
mol_1642	train	sampled
mol_1643	train	assigned
mol_1644	train	sampled
mol_1645	val	assigned
mol_1646	train	assigned
mol_1647	train	sampled
mol_1648	train	assigned
mol_1649	train	assigned
mol_1650	train	assigned
mol_1651	train	assigned
mol_1652	train	sampled
mol_1653	val	sampled
mol_1654	train	assigned
mol_1655	val	assigned
mol_1656	val	assigned
mol_1657	test	assigned
mol_1658	train	sampled
mol_1659	train	sampled
mol_1660	train	assigned
mol_1661	train	assigned
mol_1662	test	assigned
mol_1663	test	assigned
mol_1664	train	sampled
mol_1665	train	assigned
mol_1666	train	assigned
mol_1667	train	assigned
mol_1668	train	assigned
mol_1669	test	assigned
mol_1670	train	sampled
mol_1671	train	assigned
mol_1672	train	assigned
mol_1673	train	assigned
mol_1674	train	assigned
mol_1675	train	assigned
mol_1676	train	assigned
mol_1677	test	assigned
mol_1678	test	assigned
mol_1679	train	sampled
mol_1680	train	assigned
mol_1681	train	assigned
mol_1682	val	assigned
mol_1683	train	sampled
mol_1684	train	assigned
mol_1685	train	assigned
mol_1686	train	assigned
mol_1687	train	assigned
mol_1688	test	assigned
mol_1689	train	assigned
mol_1690	train	sampled
mol_1691	train	sampled
mol_1692	test	assigned
mol_1693	train	assigned
mol_1694	train	assigned
mol_1695	val	assigned
mol_1696	train	assigned
mol_1697	val	assigned
mol_1698	train	assigned
mol_1699	train	sampled
mol_1700	val	assigned
mol_1701	train	sampled
mol_1702	train	assigned
mol_1703	train	assigned
mol_1704	train	assigned
mol_1705	test	assigned
mol_1706	val	sampled
mol_1707	train	assigned
mol_1708	train	assigned
mol_1709	train	sampled
mol_1710	train	assigned
mol_1711	test	sampled
mol_1712	train	assigned
mol_1713	train	sampled
mol_1714	train	assigned
mol_1715	train	assigned
mol_1716	train	sampled
mol_1717	train	assigned
mol_1718	test	assigned
mol_1719	train	sampled
mol_1720	train	sampled
mol_1721	train	assigned
mol_1722	val	assigned
mol_1723	train	assigned
mol_1724	train	assigned
mol_1725	train	assigned
mol_1726	train	assigned
mol_1727	train	assigned
mol_1728	train	assigned
mol_1729	train	sampled
mol_1730	train	sampled
mol_1731	train	assigned
mol_1732	train	assigned
mol_1733	train	assigned
mol_1734	train	assigned
mol_1735	val	assigned
mol_1736	train	assigned
mol_1737	val	assigned
mol_1738	train	sampled
mol_1739	val	assigned
mol_1740	train	assigned
mol_1741	train	assigned
mol_1742	train	assigned
mol_1743	train	sampled
mol_1744	train	assigned
mol_1745	train	assigned
mol_1746	train	sampled
mol_1747	train	assigned
mol_1748	val	assigned
mol_1749	train	sampled
mol_1750	train	assigned
mol_1751	train	assigned
mol_1752	test	assigned
mol_1753	train	assigned
mol_1754	train	assigned
mol_1755	train	sampled
mol_1756	train	assigned
mol_1757	train	assigned
mol_1758	train	assigned
mol_1759	test	assigned
mol_1760	train	assigned
mol_1761	train	assigned
mol_1762	train	assigned
mol_1763	train	assigned
mol_1764	train	sampled
mol_1765	train	assigned
mol_1766	train	sampled
mol_1767	test	assigned
mol_1768	train	assigned
mol_1769	test	assigned
mol_1770	val	assigned
mol_1771	train	sampled
mol_1772	train	assigned
mol_1773	val	assigned
mol_1774	test	assigned
mol_1775	train	assigned
mol_1776	train	assigned
mol_1777	train	assigned
mol_1778	val	assigned
mol_1779	train	assigned
mol_1780	train	sampled
mol_1781	train	assigned
mol_1782	train	assigned
mol_1783	train	assigned
mol_1784	train	assigned
mol_1785	train	assigned
mol_1786	train	assigned
mol_1787	train	assigned
mol_1788	test	assigned
mol_1789	train	assigned
mol_1790	val	assigned
mol_1791	val	assigned
mol_1792	train	assigned
mol_1793	train	assigned
mol_1794	val	assigned
mol_1795	train	assigned
mol_1796	train	assigned
mol_1797	train	sampled
mol_1798	train	assigned
mol_1799	test	assigned
mol_1800	test	assigned
mol_1801	train	assigned
mol_1802	train	assigned
mol_1803	train	assigned
mol_1804	val	assigned
mol_1805	val	sampled
mol_1806	train	assigned
mol_1807	val	assigned
mol_1808	train	sampled
mol_1809	train	assigned
mol_1810	train	assigned
mol_1811	train	assigned
mol_1812	train	assigned
mol_1813	train	assigned
mol_1814	train	assigned
mol_1815	val	assigned
mol_1816	val	assigned
mol_1817	val	assigned
mol_1818	train	assigned
mol_1819	val	assigned
mol_1820	train	sampled
mol_1821	test	sampled
mol_1822	train	assigned
mol_1823	train	assigned
mol_1824	train	sampled
mol_1825	val	sampled
mol_1826	train	assigned
mol_1827	val	assigned
mol_1828	train	assigned
mol_1829	val	assigned
mol_1830	val	sampled
mol_1831	train	sampled
mol_1832	train	assigned
mol_1833	train	assigned
mol_1834	val	sampled
mol_1835	train	sampled
mol_1836	train	assigned
mol_1837	train	assigned
mol_1838	train	assigned
mol_1839	test	assigned
mol_1840	val	sampled
mol_1841	train	assigned
mol_1842	train	assigned
mol_1843	train	assigned
mol_1844	train	assigned
mol_1845	train	assigned
mol_1846	train	sampled
mol_1847	train	sampled
mol_1848	train	assigned
mol_1849	train	sampled
mol_1850	train	assigned
mol_1851	train	sampled
mol_1852	train	assigned
mol_1853	train	assigned
mol_1854	train	assigned
mol_1855	test	sampled
mol_1856	train	sampled
mol_1857	train	assigned
mol_1858	train	assigned
mol_1859	train	assigned
mol_1860	train	assigned
mol_1861	val	assigned
mol_1862	val	assigned
mol_1863	test	assigned
mol_1864	train	sampled
mol_1865	train	assigned
mol_1866	train	assigned
mol_1867	train	assigned
mol_1868	val	assigned
mol_1869	test	sampled
mol_1870	train	assigned
mol_1871	train	assigned
mol_1872	train	assigned
mol_1873	train	assigned
mol_1874	test	assigned
mol_1875	train	assigned
mol_1876	train	assigned
mol_1877	val	assigned
mol_1878	train	assigned
mol_1879	val	sampled
mol_1880	train	assigned
mol_1881	train	assigned
mol_1882	test	assigned
mol_1883	val	assigned
mol_1884	train	assigned
mol_1885	train	sampled
mol_1886	val	assigned
mol_1887	train	assigned
mol_1888	train	assigned
mol_1889	train	assigned
mol_1890	train	sampled
mol_1891	val	sampled
mol_1892	train	assigned
mol_1893	train	assigned
mol_1894	train	assigned
mol_1895	val	assigned
mol_1896	train	sampled
mol_1897	train	assigned
mol_1898	val	sampled
mol_1899	train	assigned
mol_1900	val	assigned
mol_1901	train	assigned
mol_1902	train	assigned
mol_1903	train	assigned
mol_1904	val	assigned
mol_1905	train	assigned
mol_1906	train	assigned
mol_1907	train	assigned
mol_1908	train	sampled
mol_1909	train	assigned
mol_1910	train	assigned
mol_1911	train	assigned
mol_1912	train	assigned
mol_1913	train	assigned
mol_1914	train	assigned
mol_1915	train	assigned
mol_1916	train	assigned
mol_1917	test	assigned
mol_1918	train	assigned
mol_1919	train	assigned
mol_1920	train	assigned
mol_1921	val	assigned
mol_1922	train	assigned
mol_1923	train	assigned
mol_1924	train	assigned
mol_1925	train	assigned
mol_1926	val	assigned
mol_1927	train	assigned
mol_1928	train	assigned
mol_1929	train	assigned
mol_1930	val	assigned
mol_1931	test	assigned
mol_1932	val	assigned
mol_1933	val	assigned
mol_1934	val	assigned
mol_1935	test	assigned
mol_1936	train	sampled
mol_1937	val	assigned
mol_1938	train	assigned
mol_1939	train	assigned
mol_1940	train	assigned
mol_1941	train	assigned
mol_1942	train	sampled
mol_1943	train	assigned
mol_1944	test	assigned
mol_1945	train	assigned
mol_1946	train	assigned
mol_1947	train	assigned
mol_1948	train	assigned
mol_1949	train	assigned
mol_1950	train	sampled
mol_1951	train	assigned
mol_1952	train	assigned
mol_1953	train	assigned
mol_1954	train	assigned
mol_1955	train	sampled
mol_1956	train	assigned
mol_1957	train	assigned
mol_1958	train	sampled
mol_1959	val	assigned
mol_1960	test	assigned
mol_1961	train	assigned
mol_1962	val	sampled
mol_1963	test	sampled
mol_1964	test	assigned
mol_1965	train	assigned
mol_1966	train	sampled
mol_1967	val	assigned
mol_1968	val	assigned
mol_1969	train	sampled
mol_1970	train	sampled
mol_1971	train	sampled
mol_1972	train	assigned
mol_1973	val	sampled
mol_1974	test	sampled
mol_1975	train	assigned
mol_1976	train	assigned
mol_1977	train	sampled
mol_1978	train	assigned
mol_1979	train	assigned
mol_1980	train	assigned
mol_1981	train	assigned
mol_1982	train	assigned
mol_1983	val	assigned
mol_1984	train	sampled
mol_1985	train	assigned
mol_1986	train	assigned
mol_1987	train	assigned
mol_1988	test	assigned
mol_1989	train	sampled
mol_1990	train	assigned
mol_1991	train	assigned
mol_1992	train	assigned
mol_1993	val	assigned
mol_1994	train	assigned
mol_1995	train	assigned
mol_1996	val	assigned
mol_1997	test	assigned
mol_1998	train	assigned
mol_1999	train	assigned
mol_2000	val	assigned
mol_2001	train	sampled
mol_2002	val	assigned
mol_2003	val	assigned
mol_2004	train	sampled
mol_2005	train	sampled
mol_2006	train	assigned
mol_2007	train	assigned
mol_2008	train	assigned
mol_2009	train	assigned
mol_2010	train	assigned
mol_2011	train	assigned
mol_2012	val	assigned
mol_2013	test	sampled
mol_2014	train	assigned
mol_2015	train	sampled
mol_2016	val	sampled
mol_2017	val	assigned
mol_2018	train	sampled
mol_2019	train	assigned
mol_2020	val	assigned
mol_2021	train	assigned
mol_2022	test	assigned
mol_2023	val	assigned
mol_2024	train	assigned
mol_2025	train	assigned
mol_2026	train	sampled
mol_2027	train	assigned
mol_2028	val	assigned
mol_2029	val	sampled
mol_2030	val	assigned
mol_2031	train	assigned
mol_2032	test	sampled
mol_2033	val	assigned
mol_2034	test	assigned
mol_2035	val	assigned
mol_2036	train	assigned
mol_2037	test	assigned
mol_2038	train	assigned
