id,smiles
mol_0,[C@@H]14C(=C[C@H](NC(N(CC)CC)=O)CN1C)C2=CC=CC3=C2C(=C[NH]3)C4
mol_1,C1=CC=CC(=C1C(NC2=C(C=C(N(CC)CC)C=C2)C)=O)N
mol_2,C1=C(C(O)C(CO)NC(C(Cl)Cl)=O)C=CC(=C1)C(=O)C
mol_3,[C@]134[C@@H]([C@H](CC2=C1C=C(O)C=C2)N(C)CC3)CCCC4
mol_4,CO/N=C(C(=O)N[C@H]1[C@H]2SCC(=C(N2C1=O)C(=O)OC(C)OC(C)=O)COC(N)=O)/c3occc3
mol_5,CCCCNc1c(cnc2n(CC)ncc12)C(=O)OCC
mol_6,c1(cc(c(cc1)Cl)Cl)CC(N1[C@@H](c2c(CC1)cccc2)CN1CCCC1)=O
mol_7,CC1(C)S[C@@H]2[C@H](NC(=O)[C@H](N)c3ccccc3)C(=O)N2[C@H]1C(O)=O.CC4(C)[C@@H](N5[C@@H](CC5=O)[S]4(=O)=O)C(O)=O
mol_8,c1(ccc(c(c1)Cl)Cl)CC(N1[C@@H](c2c(CC1)scc2)CN1CCCC1)=O
mol_9,C1=C(Cl)C=CC2=C1C(=NCC(N2CC(CO)O)=O)C3=CC=CC=C3F
mol_10,CCC#CC(C)C1(CC=C)C(=O)NC(=O)N(C)C1=O
mol_11,C3=C(CN2C1=NC(=NC(=C1CCC2=O)C)C)C=CC(=C3)C4=CC=CC=C4C5=N[NH]N=N5
mol_12,OC(COc1ccc2OC(=CC(=O)c2c1)C(O)=O)COc3cccc4OC(=CC(=O)c34)C(O)=O
mol_13,C1=C(O)C=CC4=C1C3(C(C(N(CC2CC2)CC3)C4)(C)C)CC
mol_14,Cc1csc(n1)N=C(N)N
mol_15,[C@]34([C@H](C2[C@@](F)([C@@]1(C(=CC(=O)C=C1)[C@@H](F)C2)C)[C@@H](O)C3)C[C@H]([C@]4(OC(=O)CC)C(SCCl)=O)C)C
mol_16,COC1C=COC5(C)Oc4c(C)c(O)c3c(O)c(NC(=O)C(=CC=CC(C)C(O)C(C)C(O)C(C)C(OC(C)=O)C1C)C)c(C=NN2CCN(C)CC2)c(O)c3c4C5=O
mol_17,CC1(C)S[C@@H]2[C@H](NC(=O)Cc3ccccc3)C(=O)N2[C@H]1C(O)=O
mol_18,[C@@]23(F)C1(C(=CC(=O)C=C1)[C@@H](F)CC2C5C(CC3O)([C@]4(C(=O)COC(=O)CC)OC(O[C@@H]4C5)(C)C)C)C
mol_19,N1(c2c(CCc3c1cccc3)cccc2)CCCN
mol_20,N1(Cc2cc(OCCCNc3nccs3)ccc2)CCCCC1
mol_21,CN1CCC[C@H]1c2cccnc2
mol_22,CN1C2CCC1CC(C2)OC(=O)C(CO)c3ccccc3
mol_23,NCCC(Oc1ccc(cc1)C(F)(F)F)c2ccccc2
mol_24,C1=C(F)C=CC2=C1NC(=C3C(=N2)SC(=C3)C)N4CCN(CC4)C
mol_25,C1=CC=CC2=C1C(C(N2C3=CC=CC=C3)=O)(CC4=CC=NC=C4)CC5=CC=NC=C5
mol_26,C1=CC=CC=C1C2C(N(C)C(C2)=O)=O
mol_27,COCOC(=O)C1N2C(SC1(C)C)C(N3C(=O)C(NC3(C)C)c4ccc(O)cc4)C2=O
mol_28,CN1C(=C(/O)Nc2ccccn2)/C(=O)c3ccccc3[S]1(=O)=O
mol_29,C1=CC=CC2=C1C(=C3C(=N2)CCCC3O)N
mol_30,OCCN(CCO)c1nc(N2CCCCC2)c3nc(nc(N4CCCCC4)c3n1)N(CCO)CCO
mol_31,CCCN(CCC)[S](=O)(=O)c1ccc(cc1)C(O)=O
mol_32,C1=C(C(F)(F)F)C=CC3=C1N(C2=C(C=CC=C2)S3)C(CCN4CCN(C)CC4)=O
mol_33,C[C@]12CC[C@H]3[C@@H](CCc4cc(O)ccc34)[C@@H]1CC[C@@H]2O
mol_34,N1(c2c(Sc3c1cccc3)ccc(c2)Cl)CCCNC
mol_35,CCOC(=O)C(C1=C(O)Oc2ccccc2C1=O)C3=C(O)Oc4ccccc4C3=O
mol_36,O.CCN1CCN(C(=O)N[C@@H](C(=O)N[C@H]2[C@H]3SC(C)(C)[C@@H](N3C2=O)C(O)=O)c4ccccc4)C(=O)C1=O
mol_37,[C@@H]45C(N(CCCCN3CCN(C1=NSC2=C1C=CC=C2)CC3)C([C@@H]4CCCC5)=O)=O
mol_38,CN(C)[C@H]1[C@@H]2C[C@H]3C(=C(O)c4c(O)cccc4[C@@]3(C)O)C(=O)[C@]2(O)C(=O)\C(=C(/O)NCN(C)CCN(C)CNC(/O)=C/5C(=O)[C@H]([C@@H]6C[C@H]7C(=C(O)c8c(O)cccc8[C@@]7(C)O)C(=O)[C@]6(O)C5=O)N(C)C)C1=O
mol_39,Cc1ncc(n1CCO)[N+]([O-])=O
mol_40,[C@@H]1(NCCCC1)[C@@H]2OC(OC2)(C3=CC=CC=C3)C4=CC=CC=C4
mol_41,CN(C)CCc1c[nH]c2ccc(O)cc12
mol_42,CCC(C)N1N=CN(C1=O)c2ccc(cc2)N3CCN(CC3)c4ccc(OC[C@H]5CO[C@@](Cn6cncn6)(O5)c7ccc(Cl)cc7Cl)cc4
mol_43,C(C(N(C(\C=C\C)=O)CC)C(N(C)C)=O)C
mol_44,Nc1ccc(N=Nc2ccccc2)c(N)n1
mol_45,CCCCC[C@H](O)/C=C/[C@H]1[C@H](O)CC(=O)[C@@H]1CCCCCCC(O)=O
mol_46,C1=C(C(=NN=C1C2=CC=CC=C2)NCCN3CCOCC3)C
mol_47,[Br-].CC(C)[N+]1(C)C2CCC1CC(C2)OC(=O)C(CO)c3ccccc3
mol_48,C3=C(C2(OC(C1CCCCN1)CO2)CC)C=CC=C3
mol_49,Cc1ccccc1C
mol_50,C1=CC(=CC(=C1NC(OCC)=O)N)NCC2=CC=C(C=C2)F
mol_51,CC1OC(CC(N)C1O)OC2C[C@@](O)(Cc3c(O)c4C(=O)c5cccc(O)c5C(=O)c4c(O)c23)C(C)=O
mol_52,CN(C)Cc1ccc(CSCCNC2=C([N+]([O-])=O)C(Cc3ccccc3)=CN2)o1
mol_53,CN1[C@@H]2CC(C[C@H]1[C@@H]3O[C@H]23)OC(=O)[C@H](CO)c4ccccc4
mol_54,[C@]235[C@]([C@H](N(CC1CCC1)CC2)CC4=C3C=C(O)C=C4)(CCCC5)O
mol_55,C1=CSC2=C1N(C3=C(C=C2)C=CC=C3)CCCN(C)C
mol_56,C(=C)OC=C
mol_57,Cc1nccc2c1[nH]c3ccccc23
mol_58,[H+].[Cl-].CCN(CC)CCOC(=O)C(O)(c1ccccc1)c2ccccc2
mol_59,NC1=NC(=O)c2ncn(COCCO)c2N1
mol_60,O=C3C1C(C2CCC1C2)C(=O)N3C4C(NC(=O)CC4)=O
mol_61,C1=CC=CC3=C1C(C2=C(C=CC=C2)C3(C)C)=CCCN(C)C
mol_62,[C@H]24[C@H]1[C@@]([C@](C(COC(C)=O)=O)(O)CC1)(C[C@@H]([C@@H]2[C@@]3(C(=CC(=O)C=C3)[C@H](C4)C)C)O)C
mol_63,O=C1NCCN1C4CCN(CCC3COc2ccccc2O3)CC4
mol_64,C1=CC=CC3=C1C(C2=C(C=CC=C2)CC3)C(N)=O
mol_65,[Cl-].[Cl-].[Cl-].COc1cccnc1CCCCNC2=NC=C(Cc3ccc(C)nc3)C(=O)N2.[H+].[H+].[H+]
mol_66,C1=C(C(=C(C(=N1)C)O)CO)CSSCC2=CN=C(C(=C2CO)O)C
mol_67,[C@H]3(CN(C2=CC=C(OCC1=CC=CC(=C1)Cl)C=C2)C(O3)=O)CNC
mol_68,C1=C(Br)C=CC2=C1C(=NCC(N2C)COC)C3=CC=CC=C3Cl
mol_69,ClC(C(F)(F)Cl)(F)F
mol_70,CN1CCCCC1CCN2c3ccccc3Sc4ccc(cc24)[S](C)(=O)=O
mol_71,CN1C(CNC(=O)c2cscc2)CN=C(c3ccccc3F)c4ccccc14
mol_72,C1=CC(=CC2=C1[N](C(=C2CC(O)=O)C)C(C3=CC=C(Cl)C=C3)=O)OC
mol_73,CN(C)CCOC(C)(c1ccccc1)c2ccccn2.OC(=O)CCC(O)=O
mol_74,CO[C@]1(NC(=O)CSC[C@@H](N)C(O)=O)[C@H]2SCC(=C(N2C1=O)C(O)=O)CSc3nnnn3C
mol_75,C1=CC(=CC=C1OCC(NNC(C)C)=O)Cl
mol_76,NC(N)=NCCN1CCCCCCC1
mol_77,C3=C(C1(C(OCC)=O)CCN(CC1)CCCNC2=CC=CC=C2)C=CC=C3
mol_78,C3=C(C2=CC=C(N1CCC(O)CC1)N=N2)C(=CC(=C3)Cl)Cl
mol_79,CCCC(C)C1(CC)C(=O)NC(=S)NC1=O
mol_80,[C@@]4([C@@]3([C@H]([C@H]2[C@]([C@@]1(C(=CC(=O)C=C1)CC2)C)(Cl)[C@H](C3)O)C[C@H]4C)C)(C(COC(C)=O)=O)OC(CCC)=O
mol_81,NC1=NC(=O)N(C=C1)[C@H]2CC[C@@H](CO)O2
mol_82,C2=C(C1C(NCCN1)=O)SC=C2
mol_83,[C@H]2([C@H](CN(CC(C1=CC=C(F)C=C1)=O)CC2)COC4=CC3=C(OCO3)C=C4)C5=CC=C(F)C=C5
mol_84,C1=CC=CC3=C1C(C2=CC=CC=C2CC3)CC(CN(C)C)C
mol_85,C(C1=CC=CC=C1O)(=O)N
mol_86,CN(C)N\N=C/1N=CN=C1C(N)=O
mol_87,OCCN1CCN(CC\C=C/2c3ccccc3Sc4ccc(cc24)C(F)(F)F)CC1
mol_88,C1=CC=CC=C1N2C4(C(NC2)=O)CCN(CCCC(C3=CC=C(F)C=C3)=O)CC4
mol_89,[Br-].C[N+]1(C)CCCC(C1)OC(=O)C(O)(c2ccccc2)c3ccccc3
mol_90,O=C(C4N(C12CC3CC(C1)CC(C2)C3)CC4)O
mol_91,[C@H]1(NC(=O)CC1)C(=O)N2CCCCC2
mol_92,C2=C(C1=C(C=CC1)C=C2)OCC3CNCCO3
mol_93,C1CCCCC1
mol_94,c1(CC(N2[C@H](CN(CC2)C(=O)C)C[N@]2CC[C@H](C2)O)=O)cc(cc(c1)F)F
mol_95,CCN1C=C(C(O)=O)C(=O)c2cc(F)c(cc12)N3CCNCC3
mol_96,Clc1ccc2NC(=O)CN=C(c3ccccc3)c2c1
mol_97,C1=CC=CC3=C1C(=NC2=CC=CC=C2S3)N4CCN(CCOCCO)CC4
mol_98,C1=CC=CC3=C1N(CCCN2CCC(OCCO)CC2)C4=C(S3)C=CC(=C4)C(F)(F)F
mol_99,C1=CC(=CC=C1C(C2=CC=CC=C2)SCCN(C)C)SCCCC
mol_100,[C@H](CCOC1=CC=CC2=CC=CC=C12)(C3=CC=CC=C3)N(C)C
mol_101,[C@H]23C([C@@]1(OC(O[C@@H]1C2)(CC)CC)C(=O)CO)(C[C@H](O)[C@@]4(F)C3CCC5=CC(=O)C=CC45C)C
mol_102,CCC(C)=O
mol_103,O=C1N=CN=C2NNC=C12
mol_104,[C@@]45([C@@]3([C@H]([C@H]2[C@]([C@@]1(C(=CC(=O)C=C1)CC2)C)(F)[C@H](C3)O)C[C@H]4OC6(O5)CCCC6)C)C(COC(C)=O)=O
mol_105,C(C(C(CC)C)(COC(N)=O)C)OC(N)=O
mol_106,NC1=NC(=O)N(C=C1)[C@@H]2O[C@H](CO)[C@@H](O)[C@@H]2O
mol_107,CCOC(=O)C1=C(C)NC(=C(C1c2cccc(Cl)c2Cl)C(=O)OC)C
mol_108,CO\N=C(C(=O)NC1[C@H]2SCC(=C(N2C1=O)C(O)=O)\C=C/c3scnc3C)\c4csc(N)n4
mol_109,CN1CCCC(C1)CN2c3ccccc3Sc4ccccc24
mol_110,CC1(C)S[C@@H]2[C@H](NC(=O)C34C[C@H]5C[C@H](CC(N)(C5)C3)C4)C(=O)N2[C@H]1C(O)=O
mol_111,OC1(CCN(CCCC(=O)c2ccc(F)cc2)CC1)c3cccc(c3)C(F)(F)F
mol_112,C1=CC=C(C(=C1C(C)C)O)C(C)C
mol_113,C[C@@](Cc1ccc(O)c(O)c1)(NN)C(O)=O
mol_114,C1=CC=CC4=C1N(C2C3CCN(C2)CC3)C5=C(CC4)C=CC=C5
mol_115,c1nc(C2CCN(CC2)C(NC2CCCCC2)=S)c[nH]1
mol_116,C(C(C)(C)O)C
mol_117,[C@@]24(F)C1(C(=CC(=O)C=C1)[C@@H](F)CC2C3C(C([C@@H](C3)C)C(=O)CO)(CC4O)C)C
mol_118,c1(CC(N2[C@H](CN(CC2)C(=O)C)C[N@]2CC[C@H](O)C2)=O)cc(ccc1)N(=O)=O
mol_119,CC(C)=O
mol_120,Oc1ccc2C[C@H]3N(CC[C@@]45[C@@H](Oc1c24)C(=O)CC[C@@]35O)CC=C
mol_121,[H+].C2=C(C1(C(N(C)C)C=CCC1)C(OCC)=O)C=CC=C2.[Cl-]
mol_122,[C@]14([C@@](C(=O)COC(CCC(=O)[O-])=O)(CC[C@H]1[C@@H]3CCC2=CC(C=C[C@@]2([C@H]3[C@H](C4)O)C)=O)O)C.[Na+]
mol_123,[C@@]23(Cl)C(C1C([C@](O)([C@@H](C1)C)C(=O)CO)(CC2Cl)C)CCC4=CC(=O)C=CC34C
mol_124,CO/N=C(C(=O)N[C@H]1[C@@H]2N(C1=O)C(=C(COC(C)=O)C[S]2=O)C(O)=O)/c3csc(N)n3
mol_125,[C@@]3(C1=CC=CS1)(N2CCCCC2)[C@H](CCCC3)C
mol_126,FC(F)(F)c1ccc2Sc3ccccc3N(CCCN4CCN(CC4)C5CC5)c2c1
mol_127,C3=C(C1=C2C(=NC(=O)CN1O)C=CC(=C2)Cl)C=CC=C3
mol_128,[H+].C1=CC=CC2=C1[S](=O)(=O)N(C2=O)CCCCN4CCN(C3=NC=CC=N3)CC4.[Cl-]
mol_129,C1=CC(=CC=C1C23C(C(=O)NC2=O)C3)Cl
mol_130,C(C(C1(C(NC(=O)NC1=O)=O)C=C)C)CC
mol_131,[Na+].[O-][S](=O)(=O)CCS
mol_132,CCC(C(=O)NC\C=C\C=C(/C)C(OC)C(C)C1OC(\C=C\C=C\C=C(/C)C(=O)C2=C(O)N(C)C=CC2=O)C(O)C1O)C3(O)OC(\C=C\C=C\C)C(C)(C)C(OC4OC(C)C(OC5OC(C)C(OC)C(O)C5OC)C(OC)C4O)C3O
mol_133,C1=CC=CC=C1C(C(OC2CC3N(C)C(C2)CC3)=O)(CO)C
mol_134,C1=C2C(=CC=C1)OC(CCCl)NC2=O
mol_135,OC(=O)C1=CC(=O)c2ccccc2N1
mol_136,C1=CC=CC2=C1CN(CC(N)=O)C(O2)=O
mol_137,c1ccc([C@H](C[N@]2CC[C@H](C2)O)N(C(Cc2ccccc2N)=O)C)cc1
mol_138,C1=CC=CC3=C1SC2=C(C=CC=C2)C=C3CN(C)C
mol_139,C2=C(C(C1=CC=CC=C1)(OCCN(C)C)C)C=CC(=C2)Cl
mol_140,C(C1CCCCC1)NN
mol_141,[C@H](C(NCCCC(O)=O)=O)(C(CO)(C)C)O
mol_142,C1=CC(=CC=C1N3CCN(CC(O)COC2(CCCCC2)C#C)CC3)F
mol_143,[C@H](C1=CC=CC=C1)([C@@H]2CNCCO2)OC3=CC=CC=C3OCC
mol_144,c1c(nccc1)CCN(C)C
mol_145,C1=CC(=CC=C1B2OCC(CCC)(C)CO2)C
mol_146,NCc1ccccc1CC(=O)N[C@H]2[C@H]3SCC(=C(N3C2=O)C(O)=O)CSc4nnnn4CC(O)=O
mol_147,C1=C(C(COC(N)=O)COC(N)=O)C=CC=C1
mol_148,C1=CC(=CC=C1CNC(C(C)C)CCCCCC(O)=O)F
mol_149,[C@H]4(CC3C2=C1C(=C[N](C1=CC=C2)C(C)C)CC3N(C4)C)C(NC5CCCCC5)=O
mol_150,[C@]34([C@H]([C@H]2[C@@H]([C@@]1(C(=CC(=O)CC1)CC2)C)C(C3)=O)CC[C@@]4(C(COC(C)=O)=O)O)C
mol_151,C1=C(O)C=CC3=C1C24C(C(NCC2)C3)CCCC4
mol_152,C1=C(C=CC3=C1N(CCCN2CCN(CC2)C)C4=C(S3)C=CC=C4)C(F)(F)F
mol_153,C1=CC=CC=C1N(C3(CCN(CCC2=CC=CC=C2)CC3)C(OC)=O)C(CC)=O
mol_154,C1=CC=C(C(=C1C)C(NC2=NOC(=C2)C)=O)C
mol_155,CN1CCN(CC1)CC(=O)N2c3ccccc3C(=O)Nc4cccnc24
mol_156,COc1cc(cc(OC)c1O)[C@H]2[C@@H]3C(COC3=O)[C@H](O[C@@H]4O[C@@H]5CO[C@@H](C)O[C@H]5[C@H](O)[C@H]4O)c6cc7OCOc7cc26
mol_157,CO\N=C(C(=O)N[C@H]1[C@H]2SCC(=C(N2C1=O)C(O)=O)CSc3sc(CC(O)=O)c(C)n3)/c4csc(N)n4
mol_158,C2=C(C1(C(NC(=O)CN1)=O)CC)C=CC=C2
mol_159,C1=CC=CC=C1C2(C(N(CC)C)=O)CCN(CCCCCC)CC2
mol_160,[C@H]34[C@H]2[C@@]([C@@]1(C(=CC(=O)C=C1)CC2)C)([C@@H](O)C[C@@]3([C@](C(COC(C)=O)=O)(O)[C@H](C4)C)C)F
mol_161,CCCNCC(O)COc1ccccc1C(=O)CCc2ccccc2
mol_162,C1=CC(=CC(=C1OC)OC)CCN2CCN(CC2)C3=CC(=CC=C3)Cl
mol_163,C1=C(C(=CC=C1)OC)OCC2CNC(O2)=O
mol_164,CC[C@H]1OC(=O)[C@H](C)[C@@H](O[C@H]2C[C@@](C)(OC)[C@@H](O)[C@H](C)O2)[C@H](C)[C@@H](O[C@@H]3O[C@H](C)C[C@@H]([C@H]3O)N(C)C)[C@](C)(O)C[C@@H](C)C(=O)[C@H](C)[C@@H](O)[C@]1(C)O
mol_165,OC(=O)C1=CN(C2CC2)c3cc(N4CCNCC4)c(F)cc3C1=O
mol_166,CN(C)CCCN1c2ccccc2CCc3ccc(Cl)cc13
mol_167,C2=C(\C(NCCCC(=O)N)=C/1C=C(F)C=CC1=O)C=CC(=C2)Cl
mol_168,[C@]34([C@H]([C@H]2[C@@H]([C@@]1(C(=CC(=O)CC1)CC2)C)[C@@H](O)C3)CC[C@]4(O)C(=O)COC(=O)CCC(O)=O)C.O
mol_169,C1=CC=CC=C1C3(C2=CC=CC=C2)CCN(C(C)(C)C)CC3
mol_170,CNC[C@H](O)c1ccc(O)c(O)c1
mol_171,[Na+].CCOc1ccc2ccccc2c1C(=O)N[C@H]3[C@H]4SC(C)(C)[C@@H](N4C3=O)C([O-])=O
mol_172,C2=C(C(C1=CC=CC=C1)[S](CC(N)=O)=O)C=CC=C2
mol_173,[C@@H](N)(C(OCC(OC[N]1C2=C(N=C1)C(=O)N=C(N2)N)CO)=O)C(C)C
mol_174,[H+].C1=C(OCC(=O)NCCN(CC)CC)C=CC(=C1)OC.[Cl-]
mol_175,COc1ccc2nccc([C@@H](O)[C@@H]3C[C@H]4CCN3C[C@@H]4C=C)c2c1
mol_176,CN1C(=O)CC(=O)N(c2ccccc2)c3cc(Cl)ccc13
mol_177,OCCN1CCN(CCCN2c3ccccc3Sc4ccc(Cl)cc24)CC1
mol_178,CC1CCCC1
mol_179,[H+].C1=NC3=C([N]1CCNC(CC2=CC=CC=C2)C)C(=O)N(C(=O)N3C)C.[Cl-]
mol_180,NC(Cc1ccc(cc1)N(CCCl)CCCl)C(O)=O
mol_181,CC(=O)S[C@@H]1CC2=CC(=O)CC[C@]2(C)[C@H]3CC[C@@]4(C)[C@@H](CC[C@@]45CCC(=O)O5)[C@H]13
mol_182,C1=C(Cl)C=NC2=C1SC4=C(N2CCCN3CCN(CCO)CC3)C=CC=C4
mol_183,[C@H](C1=CC(=CC=C1)OC(N(CC)C)=O)(N(C)C)C
mol_184,C4=C(C3=C(CCN2CCN(C1=C(C=CC=C1)OC)CC2)OC(N3)=O)C=CC(=C4)F
mol_185,CCC(=O)OC1CC(=O)OC(C)C\C=C\C=C/C(O)C(C)CC(CC=O)C(O[C@@H]2O[C@H](C)[C@@H](O[C@H]3C[C@@](C)(O)[C@H](OC(=O)CC)[C@@H](C)O3)[C@@H]([C@H]2O)N(C)C)C1OC
mol_186,COc1ccc2C[C@H]3N(C)CC[C@@]45[C@@H](Oc1c24)C(=O)CC[C@@]35O
mol_187,CN(C)c1cnccn1
mol_188,c1ccc2Oc3c(cc(cc3)Cl)[C@@H]3[C@@H](c2c1)CNCC3
mol_189,CC1C2Cc3ccc(O)cc3C1(C)CCN2CC4CC4
mol_190,Nc1nc(N)c2nc(c3ccccc3)c(N)nc2n1
mol_191,CC1=C(N2[C@H](SC1)[C@H](NC(=O)[C@H](N)c3ccc(O)c(Cl)c3)C2=O)C(O)=O
mol_192,CC1(C)S[C@@H]2[C@H](NC(=O)[C@H](NC(=O)NC3=CN=C(NC3=O)Nc4ccc(cc4)[S](N)(=O)=O)c5ccc(O)cc5)C(=O)N2[C@H]1C(O)=O
mol_193,C1=CC=CC2=C1C3N(CC2)CCNC3
mol_194,OC[C@H]1O[C@H](C[C@@H]1O)N2C=C(F)C(=O)NC2=O
mol_195,Cc1ccc(cc1)C2(O)CCN(CCCC(=O)c3ccc(F)cc3)CC2
mol_196,C(C1(C(CCC)CC)C(NC(=O)NC1=O)=O)C
mol_197,C1=C(OC)C=CC2=C1C4=C3[N]2CCN(C3=NCC4)C
mol_198,FC(F)OC(F)(F)C(F)Cl
mol_199,C[C@](N)(Cc1ccc(O)c(O)c1)C(O)=O
mol_200,CN(N=O)C(=O)N[C@H]1[C@@H](O)O[C@H](CO)[C@@H](O)[C@@H]1O
mol_201,Nc1scc(n1)\C(=N\O)C(=O)N[C@H]2[C@H]3SCC(=C(N3C2=O)C(O)=O)C=C
mol_202,[C@@]4([C@@]3([C@H]([C@H]2[C@@H]([C@@]1(C(=CC(=O)CC1)CC2)C)[C@H](C3)O)CC4)C)(C(COC(C)=O)=O)OC(CC)=O
mol_203,C1=CC(=CC2=C1[N](C4=C2CN(CCCC(C3=CC=C(C=C3)F)O)CC4)C5=CC=C(F)C=C5)F
mol_204,[C@]12(OC(O[C@@H]1CC3C2(C[C@H](Cl)[C@@]4(Cl)C3C[C@H](F)C5=CC(=O)C=CC45C)C)(C)C)C(=O)CF
mol_205,C1=CC=CC3=C1C(C2=C(C=CC=C2)C=C3)C(N)=O
mol_206,c1(ccc(c(c1)Cl)Cl)CC(N1[C@H](C[N@@]2C[C@@H](CC2)O)c2c(CC1)[nH]cn2)=O
mol_207,C1=CC=CC=C1C(NN)C
mol_208,C1=NC(=NC=C1)N4CCN(CCCCN2C(CC3(CC2=O)CCCC3)=O)CC4
mol_209,NC1=NC(=O)c2ncn(COC(CO)CO)c2N1
mol_210,[C@]14([C@H]([C@H]3[C@](F)([C@@H](O)C1)[C@@]2(C(=CC(=O)C=C2)CC3)C)C[C@@H]6[C@]4(CC5=CC=CC=C5C6)C(=O)CO)C.O
mol_211,CC(C)C(=O)OCc1cccc(OC(=O)[C@@H]2N3[C@H](SC2(C)C)[C@H](NC(=O)Cc4ccccc4)C3=O)c1
mol_212,CN1CCN(CC/C=C/2c3ccccc3Sc4ccc(cc24)[S](=O)(=O)N(C)C)CC1
mol_213,C2=N[N]1C(=CC=NC1=C2C#N)C3=CC(=CC=C3)N(C(C)=O)CC
mol_214,C2=C(C1=CC=CC=C1)N=C4C(=C2CCC3CCNCC3)C=CC=C4
mol_215,C3=C(C(C2CCN(CCCC(C1=CC=C(F)C=C1)=O)CC2)=O)C=CC(=C3)Cl
mol_216,[C@@H]34CC1=C[NH]C2=CC=CC(=C12)C3C[C@@H](CN4C)CC#N
mol_217,CN1C(=O)CN=C(c2ccccc2)c3cc(Cl)ccc13
mol_218,CO/N=C(C(=O)N[C@H]1[C@H]2SCC(=C(N2C1=O)C(O)=O)CSC(=O)c3occc3)/c4csc(N)n4
mol_219,C1=CC=CC=C1CC(N2CCCC2)CCC
mol_220,C1=C(Cl)C=CC2=C1C(=NCC(N2CC[S](CC)(=O)=O)=O)C3=CC=CC=C3F
mol_221,C1=CC=CC2=C1[N]3C(=C2)CNCCC3
mol_222,O=C1N(CCC1)CCCCN2CCN(CC2)c3cc(C(F)(F)F)ccn3
mol_223,C[C@]12CC[C@H]3[C@@H](CCc4cc(O)ccc34)[C@@H]1CC[C@@]2(O)C#C
mol_224,C1=C([N+](=O)[O-])C=CC2=C1C(=NCC(N2COC)=O)C3=CC=CC=C3
mol_225,NNC(=O)c1ccncc1
mol_226,CC[C@@H](CO)NCCN[C@@H](CC)CO
mol_227,CN(C)CCOC(=O)COc1ccc(Cl)cc1
mol_228,C1=C(C(=CC=C1C)CC2=CC=CC=C2)N3CCNCC3
mol_229,C1=C(Cl)C=CC3=C1N(C2=CC=CC=C2)C(CCN3C(OCC)=O)=O
mol_230,CC(C)O
mol_231,NC(CO)(CO)CO
mol_232,[Na+].C[C@@H](O)[C@@H]1[C@H]2SC(=C(N2C1=O)C([O-])=O)COC(N)=O
mol_233,CN(C)[C@H]1[C@@H]2[C@@H](O)[C@@H]3C(=C)c4cccc(O)c4C(=C3C(=O)[C@]2(O)C(=O)\C(=C(N)/O)C1=O)O
mol_234,C1=CC(=CC=C1NCCC(N(C)C)=O)Br
mol_235,[C@H]13N([C@H](CC(C1)NC(C2=CC=CC(=C2OC)OC)=O)CC3)CC4=CC=CC=C4
mol_236,C(C(C(NC(N)=O)=O)(CC)Br)C
mol_237,CCCC(CCC)C(O)=O
mol_238,C(C(C4(C3(C(C2C(C1(C(=CC(=O)C=C1)CC2)C)C(C3)O)CC4)C)O)=O)OC(CN(CC)CC)=O
mol_239,C1=C(C)ON=C1C(NNCC2=CC=CC=C2)=O
mol_240,CC(C)(C)NCC(O)COc1cccc2C[C@@H](O)[C@@H](O)Cc12
mol_241,CNC2CCC(c1ccccc1)c3ccccc23
mol_242,C1=C(Cl)C=CC(=C1N2CCN(CCCNC(C)=O)CC2)Cl
mol_243,CN(C)Cc1ccnc(c2cccc(NC3C([N+]([O-])=O)=CC=N3)c2)c1
mol_244,CN1C(CCl)Nc2cc(Cl)c(cc2[S]1(=O)=O)[S](N)(=O)=O
mol_245,CNCCCC1c2ccccc2C=Cc3ccccc13
mol_246,C2=C(C(C1=CC=CC=C1)(CC(NNC(C)=O)=O)O)C=CC=C2
mol_247,CO[C@@H]1[C@@H](OC(N)=O)[C@@H](O)[C@H](Oc2ccc3C(=O)C(=C(O)Oc3c2C)NC(=O)c4ccc(O)c(CC=C(C)C)c4)OC1(C)C
mol_248,C1=C(N=C2[N]1C(=C(CC)C(=N2)OC)C)C(C3=CC=CC=C3)=O
mol_249,CN1C(=O)N(C)c2ncn(CCNCC(O)c3ccc(O)c(O)c3)c2C1=O
mol_250,C1=CC=CC2=C1C(C(N2CC(N)=O)=O)C3=CC=CC=C3
mol_251,CNCC(O)c1ccc(OC(=O)C(C)(C)C)c(OC(=O)C(C)(C)C)c1
mol_252,OCC(O)C(O)C(O)C(O)CO
mol_253,C1C(Nc2c1c(ccc2)CCN(CCC)CCC)=O
mol_254,OC(=O)CCCCCCCC(O)=O
mol_255,CN1C(=C(\O)Nc2cc(C)on2)/C(=O)c3ccccc3[S]1(=O)=O
mol_256,CCOc1ccc(NC(C)=O)cc1
mol_257,[C@H]23[C@@]([C@@]1(O[C@@H](O[C@@H]1C2)CCC)C(=O)CO)(C[C@H](O)[C@@]4(F)[C@H]3C[C@H](F)C5=CC(=O)CC[C@]45C)C
mol_258,[H+].C1=C(OC(F)(F)F)C=CC2=C1SC(=N2)N.[Cl-]
mol_259,[C@]4([C@@]3([C@H]([C@H]2[C@@H]([C@@]1(C(=CC(=O)C=C1)CC2)C)[C@H](C3)O)CCC4)C)(OC(CCC)=O)C(C)=O
mol_260,C2=C(C(NNC(C1=CC=CC=C1)=O)C)C=CC=C2
mol_261,C2=C(C(C1C(=CC(O1)=O)OC)O)C(=CC=C2)Cl
mol_262,[H+].C1=CC=NC(=N1)N2CCN(CC2)CCCCN3C(=O)CC(CC3=O)(C)C.[Cl-]
mol_263,C1=C(C#N)C=CC3=C1C4=C(C2=C(C=CC=C2)S3)CCN(CC4)C
mol_264,C1=C(C2=C(C=C1)OCCO2)N3CCNCC3
mol_265,C1=CC=CC2=C1C(C3=C(CC2)C=CC=C3)OC4CCN(C)CC4
mol_266,c1ccc2nc(c(c(C(N[C@@H](CC)c3ccccc3)=O)c2c1)O)c1ccccc1
mol_267,C1=C(C(C(CCCCC)C)C)C=C(C2=C1OC(C3=C2CC(C)CC3)(C)C)OC(CCCN4CCCCCC4)=O
mol_268,COC(=O)C1=C(C)NC(=C(C1c2cccc(c2)[N+]([O-])=O)C(=O)OCCN(C)Cc3ccccc3)C
mol_269,C[C@H]1C[C@H]2[C@@H]3CC[C@](O)(C(=O)CO)[C@@]3(C)C[C@H](O)[C@@H]2[C@@]4(C)C=CC(=O)C=C14
mol_270,C2=C(C1(C(N(C(=O)N(C1=O)COC)COC)=O)CC)C=CC=C2
mol_271,C1=CC=CC=C1C(C2=CC=CC=C2)(C(CC)=O)CC(N(C)C)C
mol_272,CC4CC3C2CC(F)C1=CC(=O)C=CC1(C)C2(F)C(O)CC3(C)C4(O)C(=O)SCF
mol_273,CCNC(=NC#N)NCCSCc1c(cccn1)Br
mol_274,C1=C(Cl)C=CC2=C1C(=NCC(N2CCOCC3CC3)=O)C4=CC=CC=C4
mol_275,c12c(nc([nH]1)NC(OC)=O)cc(SCCC)cc2
mol_276,O.N[C@@H](C(=O)NC1C2CCC(=C(N2C1=O)C(O)=O)Cl)c3ccccc3
mol_277,c1ccc(C(NCCCOc2cc(CN3CCCCC3)ccc2)=O)cc1
mol_278,C1=CC=CC=C1C(OC2=CC=CC=C2OC)CCNC
mol_279,OCc1ncc2CN=C(c3ccccc3F)c4cc(Cl)ccc4n12
mol_280,[C@H](C(=O)OC1=CC=C(C=C1)NC(=O)C)(NC(=O)C)CCSC
mol_281,CC(C(C(NC(N)=O)=O)Br)C
mol_282,CCC1(C(=O)NCNC1=O)c2ccccc2
mol_283,NCCc1ccc(O)c(O)c1
mol_284,CN(C)C1C2CC3C(=C(O)c4c(O)cccc4C3(C)O)C(=O)C2(O)C(=O)\C(=C(/O)NCN5CCN(CC5)C(=N)N=C(N)N)C1=O
mol_285,[H+].C3=C(C(=C1CCN(C1)CC)C2=CC=CC=C2)C=CC=C3.[Cl-]
mol_286,COc1cc(cc(OC)c1O)[C@H]2[C@@H]3[C@H](COC3=O)[C@H](OC4OC5COC(OC5C(O)C4O)c6sccc6)c7cc8OCOc8cc27
mol_287,[C@H]23OC1=C(OC(=O)C)C=CC6=C1C25C4(C[C@@H](C3(OC)C=C4)[C@](O)(CCC)C)C(N(CC5)C)C6
mol_288,[C@@]4([C@@]3([C@H]([C@H]2[C@@H]([C@@]1(C(=CC(=O)CC1)CC2)C)[C@H](C3)O)CC4)C)(C(COC(CC)=O)=O)OC(CCC)=O
mol_289,C(C1(C(NC(=S)NC1=O)=O)C(CCC)C)CSC
mol_290,CSC(=O)C3(O)C(C)CC4C2CCC1=CC(=O)C=CC1(C)C2(F)C(O)CC34C
mol_291,C1=CC=CC2=C1N(CC3=C(C2=C)C=CC=C3)CCCN(C)C
mol_292,CC(C)NCC(O)c1ccc(N[S](C)(=O)=O)cc1
mol_293,CCOC(OCC)C(=O)OCC(=O)C1(O)CC(OC2CC(N)C(O)C(C)O2)c3c(O)c4C(=O)c5c(OC)cccc5C(=O)c4c(O)c3C1
mol_294,[C@H]12C([C@@](O)(CC1)C#C)(CC[C@H]3C2CCC4=CC5=C(CC34C)C=N[N]5C6=CC=C(F)C=C6)C
mol_295,CCSc1ccc2Sc3ccccc3N(CCCN4CCN(C)CC4)c2c1
mol_296,C2=C(C(C(N1CCCC1)CCC)=O)C=CC(=C2)C
mol_297,CC(C)(C)C(=O)OCOC(=O)[C@@H]1N2[C@H](SC1(C)C)[C@H](NC(=O)[C@H](N)c3ccccc3)C2=O
mol_298,OCCOCCN1CCN(CC1)C(c2ccccc2)c3ccc(Cl)cc3
mol_299,CC4CN(CCCn2c1ccccc1c3ccccc23)CC(C)N4
mol_300,CO[C@H]1[C@@H](O)[C@H](N)[C@@H](O[C@H]2O[C@@H](CC[C@H]2N)C(C)N)[C@H](O)[C@@H]1N(C)C(=O)CN
mol_301,[Cl-].CN[C@H]1CC[C@@H](c2ccc(Cl)c(Cl)c2)c3ccccc13.[H+]
mol_302,C(C1(C(NC(=O)NC1=O)=O)CCCC)COC(N)=O
mol_303,C=COC=C
mol_304,CN(C)Cc1oc(CSCCNC2C([N+]([O-])=O)=CC=N2)cc1
mol_305,CC(=O)[C@H]1CC[C@H]2[C@@H]3CC[C@@H]4C[C@H](O)CC[C@]4(C)[C@H]3CC[C@]12C
mol_306,C1=CC=CC3=C1C(=NC2=C(C=CC(=C2)F)C3)N4CCN(C)CC4
mol_307,[C@@]4(OC(=O)CCCC)(C3(C(C2C(C1(C(=CC(=O)C=C1)C(F)C2)C)C(O)C3)CC4)C)C(=O)CO
mol_308,C1=CC=CC(=C1N2CCN(C)CC2)CC3=CC=CC=C3
mol_309,C1=CC=CC=C1CC(N(CC2=CC=CO2)C)C
mol_310,NC(=O)OC1(CCCCC1)C#C
mol_311,C1=C([N](C(=C1C=O)C)CCNC(C)=O)C
mol_312,ClC1=CC=C(C2=C1)SC3=C(N2CCCNC)C=CC=C3
mol_313,C1=C(C(=CC=C1C2CNC(C2)=O)OC)OC3CCCC3
mol_314,C[C@@H]1CC2=C(CCC(=O)C2)[C@H]3CC[C@@]4(C)[C@@H](CC[C@@]4(O)C#C)[C@H]13
mol_315,CC(N)Cc1ccccc1
mol_316,COc1ccc(cc1O)C2=CC(=O)c3c(O)cc(O[C@@H]4O[C@H](CO[C@@H]5O[C@@H](C)[C@H](O)[C@@H](O)[C@H]5O)[C@@H](O)[C@H](O)[C@H]4O)cc3O2
mol_317,OC12c3c(Oc4c(C)cccc4C2CN(CC1)C)cccc3
mol_318,C1=CSC2=C1C(C3=C(CC2)C=CC=C3)=C4CCN(CC4)C
mol_319,CC(C(C(OC(N)=O)C)C)OC(N)=O
mol_320,[C@@]135C67[C@@H](N(CC1)CC2CC2)CC4=CC=C(O)C(=C34)O[C@@H]5C(OC)(C(C6)C(O)(C)C)C=C7
mol_321,C[C@@H](O)[C@@H]1[C@H]2SC(=C(N2C1=O)C(O)=O)SC3CC[S](=O)C3
mol_322,C1=C(C2=C(C(=C1)OC)CCCC2N(C)C)Cl
mol_323,C2=C(CN(C(=C(SC(=O)C1=CC=CO1)\CCOC(=O)COC(=O)C)/C)C=O)C(=NC(=N2)C)N
mol_324,C1=C(C(F)(F)F)C=CC3=C1N(C2=C(C=CC=C2)S3)CCCN4CCN(CCO)CCC4
mol_325,CCCC(C)C1(CC)C(=O)NC(=O)NC1=O
mol_326,[C@H]26[C@H]1[C@@]([C@](C(COC(C)=O)=O)(O)[C@@H](C1)C)(C[C@@H]([C@@H]2[C@@]3(C(=CC4=C(C3)C=N[N]4C5=CC=CC=C5)C(=C6)C)C)O)C
mol_327,[C@H]12[C@@H](OC(C(CC)(C)C)=O)C[C@@H](C)C=C1C=C[C@@H]([C@@H]2CC[C@@H]3C[C@H](CC(O3)=O)O)C
mol_328,C1=C(Cl)C=CC3=C1\C(C2=C(C=CC=C2)S3)=C\C4C5CCN(C4)CC5
mol_329,CCC(O)(COC(N)=O)c1ccccc1
mol_330,CNC(=O)CCN1CCN(CCC=C2c3ccccc3Sc3ccc(cc23)Cl)CC1
mol_331,C1=C(Cl)C=CC2=C1C(N(CC(=O)N2C)C(N)=O)C3=CC=CC=C3
mol_332,c1c2CCOc2c(cc1OC)CN[C@@H]1CCCN[C@H]1c1ccccc1
mol_333,[C@@H]34C1=CC=CC2=C1C(=C[NH]2)C[C@H]3N(C[C@H](C4)NC(N(CC)CC)=O)C
mol_334,[C@]14(C([C@H]3[C@H]([C@@H](O)C1)C2(C(=CC(=O)C=C2)[C@@H](F)C3)C)C[C@H]5OC(O[C@@]45C(=O)CO)(C)C)C.[C@]69(C([C@H]8[C@H]([C@@H](O)C6)C7(C(=CC(=O)C=C7)[C@@H](F)C8)C)C[C@H]%10OC(O[C@@]9%10C(=O)CO)(C)C)C.O
mol_335,OC(=O)\C=C/C(O)=O.OC(=O)\C=C/C(O)=O.C1CCN(CC1)Cc2cccc(OCCCNc3sc4ccccc4n3)c2
mol_336,C1=C(Cl)C=CC2=C1C(=NO2)C([N]3C=CN=C3)C
mol_337,CCC(=O)O[C@@](Cc1ccccc1)([C@H](C)CN(C)C)c2ccccc2
mol_338,c1cn(CCCO)c(C)c(O)c1=O
mol_339,CO[C@@H]([C@@H]1Cc2cc3cc(O[C@H]4C[C@@H](O[C@H]5C[C@@H](O)[C@H](O)[C@@H](C)O5)[C@H](O)[C@@H](C)O4)c(C)c(O)c3c(O)c2C(=O)[C@H]1O[C@H]6C[C@@H](O[C@H]7C[C@@H](O[C@H]8C[C@](C)(O)[C@H](O)[C@@H](C)O8)[C@H](O)[C@@H](C)O7)[C@H](O)[C@@H](C)O6)C(=O)[C@@H](O)[C@@H](C)O
mol_340,CC[N+](C)(CC)CCOC(=O)C1c2ccccc2Oc3ccccc13
mol_341,[Na+].[Na+].CC1(C)S[C@@H]2[C@H](NC(=O)[C@H](C([O-])=O)c3cscc3)C(=O)N2[C@H]1C([O-])=O
mol_342,[C@@]123OC4=C(C(C1CN(CC2)C)CC(=O)N3)C=C(Cl)C=C4
mol_343,C1=CC=CC=C1C2CN(C(NCCC)=O)C(O2)=O
mol_344,C1=CC(=CC=C1C3(CCN(CCCC(C2=CC=C(F)C=C2)=O)CC3)C(N(C)C)=O)Cl
mol_345,[C@]135[C@@]4([C@@H](CC2=C1C(=C(C=C2)O)O[C@H]3C(=O)C=C4)N(C)CC5)NCCCCC
mol_346,C1=C(Cl)C=CC2=C1C(=NCC(=S)N2C)C3=CC=CC=C3
mol_347,C3=C(C1=NCCN=C2N(NC(=C12)C)C)C=CC=C3Cl
mol_348,CCCCNC(=O)N[S](=O)(=O)c1ccc(C)cc1
mol_349,CC(=O)C1=C(O)[C@]2(O)[C@@H](Cc3c(C)c4ccc(C)c(O)c4c(O)c3C2=O)[C@@H](N)C1=O
mol_350,C1=CC(=CC4=C1N(C3CCN(CCNC(C2=CC=C(F)C=C2)=O)CC3)C(N4)=O)Cl
mol_351,C(C(COC(N)=O)(C(CC)C)C)OC(NC(C)C)=O
mol_352,Oc1ccc(cc1)C2(OC(=O)c3ccccc23)c4ccc(O)cc4
mol_353,CN(C)CCC(c1ccccc1)c2ccccn2
mol_354,C[N+](C)(C)CCO
mol_355,C1=CC(=CC=C1[S](NC2=NOC(=C2)C)(=O)=O)N
mol_356,CN1CCN(CC1)c2c(F)cc3C(=O)C(=CN4CCSc2c34)C(O)=O
mol_357,CC(CN1c2ccccc2Sc3ccccc13)N(C)C
mol_358,C[C@@H]1[C@H](O)CC[C@@]2(C)[C@H]1CC[C@@]3(C)[C@H]2[C@H](O)C[C@H]4\C([C@H](C[C@]34C)OC(C)=O)=C(/CCC=C(C)C)C(O)=O
mol_359,c1cc2c(C(N[C@@H](CC)c3ccccc3)=O)c(c(nc2cc1)c1ccccc1)OCCCN(C)C
mol_360,CC(NC(C)(C)C)C(=O)c1cccc(Cl)c1
mol_361,[C@H]12C(C3=C(C[C@@H]1CCN(C2)C)[NH]C(=C3CC)C)=O
mol_362,COc1ccc(CN(CCN(C)C)c2ccccn2)cc1
mol_363,C(N1C(CCC1)=O)C(N)=O
mol_364,C(C1(C(NC(N(C1=O)C)=O)=O)CC)C
mol_365,[C@@H](N)(C(OCCOC[N]1C2=C(N=C1)C(=O)N=C(N2)N)=O)C(C)C
mol_366,C1=C3C(=C(C(=C1)CNC2=CC(=C(C(=C2)OC)OC)OC)C)C(=NC(=N3)N)N
mol_367,C1=CC=CC2=C1N(C3=C(CC2=O)C=CC=C3)CCCN(C)C
mol_368,C1=C(Cl)C(=C(C=C1)C)NC(=O)/C=C/2SCC(=O)N2C
mol_369,C1=C2C(=CC=C1)CCC(=C2)CC3=NCNC3
mol_370,C1=CC=CC2=C1C3=C([N]2CC)C(SCC3)(CCN(C)C)C
mol_371,NC(N)=O
mol_372,c1cc(CCNC)ncc1
mol_373,CCN(CC)C(=S)SSC(=S)N(CC)CC
mol_374,C(C(C(OCOC(C(C)(C)C)=O)=O)CCC)CC
mol_375,COc1ccc(CCN2CCC(CC2)Nc3nc4ccccc4n3Cc5ccc(F)cc5)cc1
mol_376,CC(Cl)(Cl)Cl
mol_377,C1=C(OC)C(=CC2=C1C(=NN=C(C2CC)C)C3=CC=C(C(=C3)OC)OC)OC
mol_378,COC(=O)c1ccc(cc1)C(=O)OC
mol_379,O=C(C)Nc1cc(c2csc(N=C(N)N)n2)ccc1
mol_380,CN(C)CCOC(C)(c1ccccc1)c2ccccn2
mol_381,NCCCNCCS[P](O)(O)=O
mol_382,CN1CCN2C(C1)c3ccccc3Cc4cccnc24
mol_383,CCOC(=O)c1ncn2c1CN(C)C(=O)c3cc(F)ccc23
mol_384,[H+].[Cl-].Clc1ccc2Sc3ccccc3N(CCCN4CCC5(CC4)NC(=O)CS5)c2c1
mol_385,c1(ccccc1)[C@H](CN1CCCC1)N(C(=O)Cc1ccc(c(c1)Cl)Cl)C
mol_386,C1=C(C(F)(F)F)C=CC3=C1N(C2=C(C=CC=C2)S3)CCCN5CCC(C(C4=CC=C(F)C=C4)=O)CC5
mol_387,C1=CC(=CC3=C1[N]2C(=CN=C2C)CN=C3C4=CC=CC=C4Cl)Cl
mol_388,Clc1ccc(COC(Cn2ccnc2)c3ccc(Cl)cc3Cl)c(Cl)c1
mol_389,C1=CC(=CC=C1C(CC(C)(C)O)(C)O)Cl
mol_390,CCCN(CCC)CCc1ccc(c2c1CC(N2)=C)O
mol_391,C1C(Nc2c1c(ccc2O)CCN(CCC)CCC)=O
mol_392,C1=CC=CC=C1N2C(C(C(NC2=O)=O)(CC)CC)=O
mol_393,[Na+].CO\N=C(C(=O)N[C@@H]1[C@@H]2SCC(=C(N2C1=O)C([O-])=O)COC(C)=O)\c3csc(N)n3
mol_394,C1=CC=CC=C1C(CN2CCCC2)OCCC(C)C
mol_395,[C@]12(OC(O[C@@H]1CC3C2(CC(O)[C@H]4C3C[C@H](F)C5=CC(=O)C=CC45C)C)(C)C)C(=O)COC(=O)C
mol_396,CO[C@@]12[C@H](COC(N)=O)C3=C(N1C[C@@H]4N[C@H]24)C(=O)C(=C(N)C3=O)C
mol_397,C1=C(C(=C(C=C1)Cl)NC2=NCCO2)Cl
mol_398,C1=C(OC)C(=CC2=C1C(=C(C(OCC)=O)[NH]2)CCN4CCN(C3=CC=CC=C3)CC4)OC
mol_399,[C@H]2(CNC(C1=C(C=CC(=C1OC)Br)OC)=O)N(CCC2)CC
mol_400,C1=CC(=CC=C1C3(CCN(CCCC(C2=CC=C(C=C2)F)=O)CC3)OC(CCCCCCCCC)=O)Br
mol_401,FC(F)OC(Cl)C(F)(F)F
mol_402,C1=C([S](N)(=O)=O)C=CC(=C1C(NCC2N(CCC2)CCC)=O)OC
mol_403,C1=CC=CC(=C1N2C(=NC3=C(C2=O)C=CC=C3)\C=C\C4=NC=CC=C4)C
mol_404,[C@]3(N(C1=CC=CC=C1)C(=O)CC)(C(=O)OC)[C@H](CN(CCC2=CC=CC=C2)CC3)C
mol_405,C1=CC(=CC3=C1[N]2C(=NN=C2CN(C)C)CN=C3C4=CC=CC=C4)Cl
mol_406,[C@@H](CC(=O)O)(CC(C)C)CN
mol_407,C1=C(Cl)C=CC3=C1N(C2=C(C=CC=C2)S3)CCCN5CCC(C4C(OCC4)=O)(O)CC5
mol_408,C(C(Cl)(Cl)Cl)OC(OCC(Cl)(Cl)Cl)=O
mol_409,[C@@H]1(C2=C(CC1)C=CC=C2)NCC#C
mol_410,C1=C(SC)C=CC4=C1C(N2CCN(C)CC2)CC3=C(C=CC=C3)S4
mol_411,C4=C(N2C(C1=C(SCCS1)C2=O)OC(N3CCN(C)CC3)=O)N=C5C(=C4)C=CC(=N5)Cl
mol_412,[C@@H]23[C@H]([C@H]1[C@]([C@](C(CSC(C(C)(C)C)=O)=O)(O)CC1)(C)C[C@@H]2O)CCC4=CC(=O)CC[C@]34C
mol_413,[C@@H]24[C@@](C1=CC=CC=C1OC3=C(C=CC=C23)C)(CCN(C4)C)O
mol_414,CC(C)(C)NC(=O)[C@@H]1CN(CCN1C[C@@H](O)C[C@@H](Cc2ccccc2)C(=O)N[C@@H]3[C@H](O)Cc4ccccc34)Cc5cccnc5
mol_415,CC(N)C(=O)OC(C(=O)NC1C2SCC(=C(N2C1=O)C(=O)OCC3=C(C)OC(=O)O3)CSc4sc(C)nn4)c5ccccc5
mol_416,COC(=O)[C@H]1[C@H](CC2CCC1N2C)OC(=O)c3ccccc3
mol_417,C(C(NN)C)CCCCC
mol_418,C1=C(Cl)C=CC3=C1C(C2=CC=CC=C2)SC(=N3)NCC
mol_419,C(C(NC(C)=O)C(O)=O)CC(N)=O
mol_420,N[S](=O)(=O)c1cc2c(NCN[S]2(=O)=O)cc1C(F)(F)F
mol_421,[Na+].CC(=O)OCC1=C(N2[C@@H](SC1)[C@@H](NC(=O)CC#N)C2=O)C([O-])=O
mol_422,C1=CC(=CC5=C1N(C4CCN(CC3OC2=C(C=CC=C2)OC3)CC4)C(N5)=O)Cl
mol_423,CN(C)CCCN1c2ccccc2Sc3ccc(cc13)C(F)(F)F
mol_424,C1=C(NC(C(Cl)(Cl)Cl)=O)C=CC(=C1)O
mol_425,[C@]34([C@H](C2[C@@](F)([C@@]1(C(=CC(=O)C=C1)[C@@H](F)C2)C)[C@@H](O)C3)C[C@H]5OC(O[C@@]45C(=O)COC(=O)C6CC6)(C)C)C
mol_426,CC[C@@]1(O)C[C@H](O[C@H]2C[C@@H]([C@H](O[C@H]3C[C@@H]4O[C@H]5CC(=O)[C@H](C)O[C@H]5O[C@@H]4[C@H](C)O3)[C@H](C)O2)N(C)C)c6c(O)c7C(=O)c8c(O)cccc8C(=O)c7c(O)c6[C@H]1O[C@H]9C[C@@H]([C@H](O)[C@H](C)O9)N(C)C
mol_427,C1=C(O)C=CC4=C1C3(C(C(N(CC2CCC2)CC3)C4)(C)C)CC
mol_428,C1=C([S](C)(=O)=O)C=CC3=C1N(C2=C(C=CC=C2)S3)CCCN4CCC(C(N)=O)CC4
mol_429,ClCCN(N=O)C(=O)NC1CCCCC1
mol_430,C1=C(C=CC(=C1)NC(C)=O)OC(C)(C)C
mol_431,C(C2(C1=CCCCCC1)C(NC(=O)NC2=O)=O)C
mol_432,CCc1ccccc1N2C(=Nc3ccccc3C2=O)C
mol_433,OC(=O)C1=C(CS[C@@H]2[C@H](NC(=O)Cc3sccc3)C(=O)N12)CSc4[nH]ncn4
mol_434,CCCSc1ccc2nc(NC(=O)OC)[nH]c2c1
mol_435,c1(ccc(c(c1)Cl)Cl)CC(N1[C@H](CN2CCCC2)c2n(CC1)ncn2)=O
mol_436,CCCN(CCc1c2c(c(cc1)O)NC(=O)C2)CCC
mol_437,[H+].C4=C(N3CCN(CCCN1N=C(N(C1=O)CCOC2=CC=CC=C2)CC)CC3)C=CC=C4Cl.[Cl-]
mol_438,N[S](=O)(=O)c1cc2c(NCN[S]2(=O)=O)cc1Cl
mol_439,c1(ccccc1)CC
mol_440,CCC(C)C(N)C1=NC(CS1)C(=O)N[C@@H](CC(C)C)C(=O)N[C@H](CCC(O)=O)C(=O)N[C@@H]([C@@H](C)CC)C(=O)NCCCC[C@@H]2NC(=O)[C@H](CC(N)=O)NC(=O)[C@@H](CC(O)=O)NC(=O)[C@H](Cc3[nH]cnc3)NC(=O)[C@@H](Cc4ccccc4)NC(=O)[C@@H](NC(=O)[C@@H](CCCN)NC2=O)[C@@H](C)CC
mol_441,Nc1ccc(C(O)=O)c(O)c1
mol_442,C1=C(C(N)=O)C=C(C(=C1OC)OCCCCCCCCCC)OC
mol_443,Cc1ccnc2N(C3CC3)c4ncccc4C(=O)Nc12
mol_444,C2=C(C(C[N]1C=CN=C1)=O)C=CC3=CC=CC=C23
mol_445,[C@]14([C@@]([C@@H](C)C[C@H]1[C@H]3[C@]([C@@]2(C(=CC(=O)C=C2)CC3)C)(F)[C@H](C4)O)(OC(CCCC)=O)C(CO)=O)C
mol_446,[Na+].CC1(C)S[C@@H]2[C@H](NC(=O)[C@H](NC(=O)C3=CC=C(NC3=O)c4ccc(cc4)[S](=O)(=O)N(CCO)CCO)c5ccc(O)cc5)C(=O)N2[C@H]1C([O-])=O
mol_447,NCC1OC(OC2C(N)CC(N)C(OC3OC(CO)C(O)C(N)C3O)C2O)C(N)C(O)C1O
mol_448,C1=C(C=CC=C1N2C(C=CC=C2)=O)N
mol_449,c1(ccc(c(c1)Cl)Cl)CC(N1[C@H](CN2CCCC2)c2n(CC1)ccn2)=O
mol_450,[C@@](O)(C5C6(OC)C2OC1=C(O)C=CC4=C1C23C(C(N(CC3)CC=C)C4)(C5)C=C6)(CCC)C
mol_451,[H+].C2=C(CC1=CC=CC=C1)C(=CC=C2)OCCCCNC.[Cl-]
mol_452,CC12CC3(CC(C1)(CC(C2)C3)N)C
mol_453,CC(=O)CC(c1ccccc1)C2=C(O)Oc3ccccc3C2=O
mol_454,Cc1ccc(C)cc1
mol_455,C1=C([S](N)(=O)=O)C=C(C(=C1C(NCC2N(CCC2)CC=C)=O)OC)OC
mol_456,COCC(=O)O[C@]1(CCN(C)CCCc2[nH]c3ccccc3n2)CCc4cc(F)ccc4[C@@H]1C(C)C
mol_457,[C@H]23[C@@]([C@@]1(C(=CC(=O)CC1)CC2)C)([C@H](C[C@]4([C@H]3CC[C@@]4(C(COC(C)=O)=O)O)C)O)F
mol_458,[C@@]4([C@@]3([C@H]([C@H]2[C@@H]([C@@]1(C(=CC(=O)C=C1)CC2)C)[C@H](C3)O)CC4)C)(C(COC(CC)=O)=O)OC(OCC)=O
mol_459,C1=CC=C2C(=C1)SC3=C(N2CC(C)CN(C)C)C=C(C=C3)C(F)(F)F
mol_460,[C@]1([C@]2(C3=C(C[C@@H]1N(CC2)C)C=CC(=C3)O)C)(CCC(=O)CCCCC)C
mol_461,CC1=C(N2[C@H](SC1)[C@H](NC(=O)[C@H](N)c3ccccc3)C2=O)C(O)=O
mol_462,C[C@]12CC[C@H]3[C@@H](CCC4=CC(=O)C=C[C@]34C)[C@@H]1CCC(=O)O2
mol_463,c1cc(ccc1CCCC(OC(C)(C)C)=O)N(CCCl)CCCl
mol_464,CCCCCN1C=CC(=O)C(=C1C)O
mol_465,CC(C)(C(O)=O)c1ccc(cc1)C(=O)CCCN2CCC(CC2)OC(c3ccccc3)c4ccccc4
mol_466,CO[C@H]1[C@@H](C[C@@H]2CN3CCc4c([nH]c5cc(OC)ccc45)[C@H]3C[C@@H]2[C@@H]1C(=O)OC)OC(=O)c6cc(OC)c(OC)c(OC)c6
mol_467,C1=CC(=CC=C1OCC(NCCN(CC)CC)=O)Cl
mol_468,C1=CC=CC=C1C2(N(C(=O)NC2=O)C)CC
mol_469,Clc1ccc(cc1)C(=O)NCCN2CCOCC2
mol_470,C1=CC=CC3=C1N(C2=C(C=CC=C2)CC3=O)C(N)=O
mol_471,CCNCC(O)c1cccc(O)c1
mol_472,[C@]23([C@H]([C@H]1[C@]([C@](C(C)=O)(O)CC1)(C)C[C@@H]2O)C[C@H](C)C4=CC(=O)C=C[C@]34C)F
mol_473,C1=CC=CC2=C1N(C(CO2)=O)CC(N)=O
mol_474,[H+].C4=C3OCC(N(CCCCN1C(=O)CC2(CC1=O)CCCC2)CCC)CC3=C(OC)C=C4.[Cl-]
mol_475,CNC(=O)Oc1ccc2N(C)[C@H]3N(C)CC[C@@]3(C)c2c1
mol_476,CC1=C(N2[C@H](SC1)[C@H](NC(=O)[C@H](N)c3ccc(O)cc3)C2=O)C(O)=O
mol_477,c12c3c(N4CCN(C)CC4)c(F)cc1c(c(C(O)=O)cn2C(C)CO3)=O
mol_478,CC1=C(N2[C@H](SC1)[C@H](NC(=O)Cc3ccc(cc3)C4=NCCCN4)C2=O)C(O)=O
mol_479,C1=C(Cl)C=CC2=C1C(=NCC(=O)N2C)C3=CC=CC=C3F
mol_480,C1=C(CC\C(CN)=C/F)C=CC(=C1)F
mol_481,[C@@H]1([C@@H]([C@H]2C=C[C@@H]1C2)C(N(CC)CC)=O)C(N(CC)CC)=O
mol_482,CNC(/NCCSCc1oc(CN(C)C)cc1)=C\[N+]([O-])=O
mol_483,C1=CC=CC2=C1C3=C(C2)CCOC3(CCN(C)C)C
mol_484,OC1(CCN(CCCC(=O)c2ccc(F)cc2)CC1)c3ccc(Br)cc3
mol_485,[C@H]5(CN(C(C3=C2C1=CC(=CC=C1CCN2C(=O)C(=C3)C4=CC=CC=C4)Cl)=O)CC5)OCC
mol_486,NCCc1cn2c(n1)cccc2
mol_487,CC(C)NCC(O)COc1cccc2ccccc12
mol_488,COc1ccc2C[C@H]3[C@H]4CCCC[C@@]4(CCN3C)c2c1
mol_489,C1=C4C(=CC=C1OCCCCN3CCN(C2=CC=CC(=C2Cl)Cl)CC3)CCC(N4)=O
mol_490,c1cn(CCO)c(CC)c(O)c1=O
mol_491,NCC1OC(OC2C(N)CC(N)C(OC3OC(CO)C(O)C(N)C3O)C2O)C(O)C(O)C1O
mol_492,Clc1ccc2N(C3CCN(CCCN4C(=O)Nc5ccccc45)CC3)C(=O)Nc2c1
mol_493,C1=CC=CC=C1C4(C3CCN(C\C=C\C2=CC=CC=C2)CC3)C(NC(=O)CC4)=O
mol_494,CC(CN(C)C)CN1c2ccccc2CCc3ccccc13
mol_495,C1=CC=CC2=C1N(C(CC(S2)C3=CC=CC=C3)=O)CCN(C)C
mol_496,C1=C(C(=C(C=C1)C)NC2=NCCCS2)C
mol_497,C1=NC5=C([N]1CCN4CCC(C2=C[NH]C3=C2C=CC=C3)CC4)C(N(C)C(N5C)=O)=O
mol_498,CC(=O)Nc1sc(nn1)[S](N)(=O)=O
mol_499,CC(Cc1ccccc1)NO
mol_500,[C@H]24[C@H]1[C@@]([C@](C(CO)=O)(O)CC1)(C[C@@H]([C@@H]2[C@@]3(C(=CC(=O)C=C3)[C@H](C4)F)C)O)C
mol_501,C1=CC=CC3=C1C(C2=CC=CC=C2)(SC3(C)C)CCCNC
mol_502,Cn1cnc2N(C)C(=O)NC(=O)c12
mol_503,C(C(C(NC(NC(C)=O)=O)=O)(CC)Br)C
mol_504,[O-][N+](=O)c1ccc2NC(=O)CN=C(c3ccccc3)c2c1
mol_505,C2=C(C1=CC=CC=C1)ON=C2C(CN3CCCCC3)O
mol_506,c1(ccc(cc1)C(F)(F)F)CC(N1[C@@H](CCCC1)CN1CCCC1)=O
mol_507,OC(=O)C1CCn2c1ccc2C(=O)c3ccccc3
mol_508,C1=CC=CC=C1C3(CC2CCCCN2)C(NC(=O)NC3=O)=O
